-100,-100,-63,-67,-50,1
-63,-100,-66,-66,-52,1
-60,-84,-67,-66,-52,1
-59,-100,-64,-66,-51,1
-68,-85,-62,-60,-44,1
-59,-78,-61,-62,-53,1
-55,-100,-58,-57,-50,1
-70,-81,-65,-58,-56,1
-64,-79,-66,-73,-49,1
-67,-81,-62,-69,-43,1
-65,-100,-57,-66,-45,1
-58,-100,-59,-68,-41,1
-66,-100,-69,-67,-40,1
-68,-83,-74,-67,-40,1
-65,-84,-64,-63,-44,1
-60,-79,-62,-62,-43,1
-63,-87,-59,-64,-43,1
-66,-100,-65,-62,-51,1
-58,-100,-51,-66,-41,1
-62,-82,-73,-69,-48,1
-57,-79,-62,-68,-59,1
-62,-100,-66,-70,-56,1
-57,-81,-63,-60,-59,1
-50,-100,-58,-60,-41,1
-57,-100,-54,-62,-50,1
-58,-77,-58,-68,-46,1
-63,-80,-50,-61,-51,1
-66,-76,-57,-72,-48,1
-60,-81,-65,-68,-43,1
-56,-74,-57,-68,-49,1
-59,-85,-51,-63,-60,1
-55,-79,-54,-67,-41,1
-53,-77,-59,-62,-45,1
-55,-77,-63,-62,-44,1
-61,-75,-63,-71,-49,1
-63,-100,-62,-69,-46,1
-56,-76,-65,-69,-46,1
-60,-81,-58,-71,-43,1
-69,-76,-72,-70,-41,1
-68,-79,-65,-70,-36,1
-74,-81,-59,-68,-40,1
-55,-78,-55,-64,-43,1
-55,-100,-54,-55,-34,1
-54,-83,-50,-58,-27,1
-53,-76,-59,-63,-26,1
-54,-78,-64,-65,-28,1
-56,-77,-67,-61,-29,1
-53,-80,-57,-59,-29,1
-53,-78,-66,-66,-30,1
-53,-100,-62,-68,-23,1
-55,-100,-57,-69,-22,1
-52,-100,-58,-64,-23,1
-62,-85,-59,-62,-37,1
-55,-83,-53,-57,-48,1
-56,-81,-54,-59,-52,1
-59,-100,-53,-55,-59,1
-64,-74,-57,-64,-55,1
-66,-100,-65,-58,-45,1
-62,-83,-62,-58,-44,1
-56,-83,-49,-64,-56,1
-56,-74,-55,-67,-46,1
-56,-85,-64,-65,-54,1
-56,-78,-59,-64,-55,1
-54,-77,-58,-67,-57,1
-55,-73,-62,-63,-55,1
-57,-72,-69,-70,-45,1
-73,-81,-67,-58,-45,1
-65,-80,-61,-60,-55,1
-65,-84,-64,-65,-38,1
-65,-79,-59,-74,-40,1
-64,-80,-50,-59,-47,1
-64,-78,-52,-68,-44,1
-70,-84,-64,-64,-53,1
-58,-75,-73,-70,-48,1
-57,-76,-70,-62,-55,1
-58,-78,-89,-64,-50,1
-62,-78,-65,-68,-63,1
-55,-76,-63,-73,-62,1
-53,-84,-57,-64,-50,1
-57,-80,-56,-67,-42,1
-54,-83,-58,-58,-49,1
-57,-100,-63,-62,-38,1
-63,-80,-53,-100,-37,1
-56,-82,-63,-66,-46,1
-54,-100,-63,-69,-45,1
-59,-79,-60,-67,-42,1
-56,-78,-69,-64,-47,1
-57,-78,-66,-65,-45,1
-68,-100,-59,-74,-50,1
-65,-84,-64,-60,-50,1
-61,-88,-62,-62,-52,1
-60,-85,-66,-64,-51,1
-62,-100,-63,-65,-59,1
-68,-100,-69,-60,-48,1
-56,-100,-68,-62,-51,1
-58,-80,-64,-65,-63,1
-63,-83,-65,-62,-52,1
-56,-100,-52,-64,-40,1
-68,-75,-52,-62,-39,1
-57,-78,-52,-63,-51,1
-54,-100,-50,-67,-53,1
-66,-79,-55,-66,-68,1
-55,-100,-49,-63,-51,1
-58,-81,-50,-72,-49,1
-63,-79,-55,-67,-43,1
-64,-77,-57,-64,-44,1
-65,-92,-51,-75,-51,1
-64,-89,-60,-65,-40,1
-61,-88,-56,-62,-42,1
-73,-81,-53,-66,-44,1
-54,-84,-46,-57,-42,1
-66,-100,-48,-67,-38,1
-58,-92,-52,-59,-40,1
-53,-100,-57,-58,-33,1
-59,-79,-47,-60,-43,1
-64,-80,-51,-63,-41,1
-59,-100,-55,-62,-50,1
-53,-78,-52,-60,-52,1
-65,-85,-73,-61,-51,1
-59,-75,-63,-66,-50,1
-58,-83,-65,-67,-48,1
-58,-76,-65,-61,-51,1
-64,-77,-62,-64,-45,1
-61,-80,-69,-64,-50,1
-58,-82,-62,-64,-47,1
-60,-83,-59,-66,-43,1
-69,-79,-63,-62,-39,1
-100,-100,-54,-66,-44,1
-63,-79,-63,-63,-39,1
-64,-76,-68,-63,-38,1
-64,-81,-65,-64,-52,1
-55,-80,-65,-72,-45,1
-57,-63,-68,-66,-44,1
-53,-80,-66,-65,-40,1
-55,-69,-70,-64,-42,1
-51,-67,-62,-71,-51,1
-61,-73,-68,-78,-53,1
-64,-72,-68,-73,-49,1
-59,-71,-68,-71,-69,1
-60,-100,-67,-100,-63,1
-54,-82,-58,-67,-48,1
-66,-87,-75,-70,-45,1
-53,-100,-45,-57,-42,1
-57,-73,-56,-63,-43,1
-53,-100,-54,-66,-54,1
-65,-80,-63,-61,-44,1
-67,-75,-65,-60,-44,1
-56,-73,-55,-61,-43,1
-66,-73,-61,-65,-46,1
-64,-100,-61,-68,-47,1
-65,-76,-66,-63,-50,1
-65,-86,-63,-67,-49,1
-66,-76,-74,-67,-48,1
-66,-75,-67,-63,-43,1
-60,-82,-54,-61,-38,1
-61,-84,-56,-67,-40,1
-56,-82,-52,-66,-39,1
-58,-80,-50,-66,-48,1
-61,-77,-44,-57,-45,1
-69,-78,-72,-58,-43,1
-61,-80,-59,-53,-51,1
-66,-72,-50,-64,-36,1
-67,-78,-61,-64,-51,1
-66,-77,-65,-67,-46,1
-56,-76,-62,-61,-44,1
-62,-80,-57,-68,-43,1
-59,-75,-59,-76,-53,1
-63,-75,-51,-62,-48,1
-60,-76,-62,-65,-49,1
-62,-77,-63,-66,-53,1
-57,-76,-54,-64,-49,1
-67,-81,-66,-64,-39,1
-69,-76,-55,-65,-55,1
-69,-80,-69,-64,-53,1
-69,-78,-73,-70,-59,1
-71,-100,-54,-64,-53,1
-66,-82,-57,-68,-58,1
-60,-83,-56,-69,-39,1
-57,-76,-63,-69,-44,1
-57,-76,-66,-69,-44,1
-65,-73,-64,-65,-51,1
-59,-74,-62,-66,-40,1
-64,-74,-63,-66,-45,1
-56,-75,-59,-66,-43,1
-58,-76,-62,-73,-42,1
-60,-76,-64,-64,-47,1
-60,-77,-69,-65,-59,1
-58,-76,-67,-65,-47,1
-58,-75,-71,-67,-47,1
-59,-75,-70,-66,-49,1
-60,-74,-70,-66,-49,1
-66,-76,-60,-64,-49,1
-61,-77,-70,-61,-45,1
-62,-76,-69,-65,-45,1
-64,-100,-72,-73,-47,1
-58,-100,-72,-63,-46,1
-66,-73,-71,-66,-46,1
-64,-73,-71,-66,-46,1
-60,-76,-71,-65,-46,1
-59,-71,-68,-64,-45,1
-59,-76,-65,-64,-43,1
-57,-76,-63,-62,-44,1
-59,-100,-65,-64,-48,1
-58,-78,-68,-61,-48,1
-62,-76,-67,-65,-48,1
-62,-79,-71,-65,-47,1
-63,-79,-66,-63,-47,1
-58,-79,-67,-65,-48,1
-63,-76,-71,-63,-47,1
-57,-77,-67,-62,-46,1
-60,-78,-66,-66,-48,1
-58,-77,-65,-66,-47,1
-59,-78,-68,-75,-48,1
-62,-79,-67,-66,-54,1
-62,-75,-60,-72,-54,1
-74,-73,-54,-62,-41,1
-64,-75,-53,-60,-51,1
-66,-76,-58,-61,-46,1
-57,-73,-54,-60,-46,1
-55,-76,-56,-65,-42,1
-57,-79,-54,-64,-45,1
-62,-100,-55,-65,-53,1
-65,-75,-53,-63,-43,1
-59,-76,-55,-59,-40,1
-75,-79,-50,-65,-44,1
-69,-75,-51,-58,-43,1
-73,-77,-53,-64,-39,1
-63,-70,-59,-62,-37,1
-61,-100,-64,-63,-41,1
-58,-72,-57,-60,-43,1
-63,-77,-55,-65,-42,1
-63,-76,-60,-100,-39,1
-60,-77,-64,-67,-39,1
-58,-80,-64,-71,-40,1
-60,-76,-65,-69,-41,1
-59,-75,-64,-68,-41,1
-64,-81,-63,-67,-44,1
-62,-77,-56,-68,-54,1
-58,-80,-65,-65,-57,1
-57,-77,-59,-62,-48,1
-55,-76,-64,-63,-48,1
-85,-76,-62,-62,-52,1
-56,-79,-50,-68,-51,1
-73,-78,-55,-66,-49,1
-56,-77,-57,-62,-42,1
-56,-79,-58,-68,-51,1
-68,-82,-56,-69,-42,1
-65,-77,-63,-67,-44,1
-72,-76,-65,-67,-47,1
-58,-78,-58,-69,-44,1
-62,-77,-58,-68,-45,1
-62,-75,-58,-69,-44,1
-63,-77,-59,-68,-45,1
-68,-76,-57,-65,-46,1
-61,-75,-57,-69,-45,1
-67,-77,-60,-69,-47,1
-66,-75,-71,-100,-48,1
-65,-75,-59,-68,-45,1
-68,-80,-57,-66,-40,1
-62,-67,-56,-63,-43,1
-64,-74,-61,-65,-42,1
-57,-71,-66,-66,-50,1
-58,-70,-60,-66,-42,1
-59,-70,-58,-65,-51,1
-59,-73,-57,-65,-48,1
-60,-72,-57,-63,-45,1
-59,-71,-59,-67,-47,1
-61,-70,-70,-65,-48,1
-59,-73,-82,-66,-45,1
-57,-100,-66,-65,-41,1
-55,-76,-56,-69,-52,1
-57,-77,-55,-66,-46,1
-56,-80,-56,-64,-42,1
-55,-77,-54,-60,-44,1
-56,-100,-59,-68,-42,1
-57,-73,-58,-67,-41,1
-56,-71,-57,-67,-46,1
-56,-70,-64,-70,-46,1
-62,-73,-65,-65,-40,1
-58,-71,-55,-63,-39,1
-59,-72,-57,-66,-40,1
-59,-70,-58,-67,-37,1
-63,-78,-62,-62,-40,1
-64,-75,-56,-61,-42,1
-63,-75,-58,-66,-37,1
-63,-76,-54,-66,-39,1
-58,-72,-54,-63,-42,1
-67,-76,-59,-65,-39,1
-100,-72,-60,-70,-44,1
-66,-75,-60,-63,-40,1
-68,-76,-60,-61,-41,1
-62,-78,-60,-63,-39,1
-60,-80,-63,-62,-43,1
-63,-81,-58,-61,-49,1
-63,-82,-60,-74,-48,1
-66,-78,-58,-66,-51,1
-61,-72,-57,-63,-53,1
-63,-100,-55,-62,-40,1
-56,-82,-63,-67,-45,1
-62,-74,-56,-59,-43,1
-54,-71,-62,-69,-64,2
-53,-66,-65,-71,-66,2
-54,-67,-68,-67,-67,2
-55,-67,-66,-68,-66,2
-54,-73,-68,-100,-72,2
-55,-63,-66,-68,-57,2
-51,-71,-63,-66,-58,2
-53,-65,-67,-57,-57,2
-55,-68,-65,-59,-62,2
-47,-68,-64,-63,-74,2
-52,-69,-71,-64,-51,2
-47,-72,-63,-66,-53,2
-55,-67,-61,-100,-57,2
-55,-71,-61,-73,-49,2
-53,-70,-59,-68,-50,2
-49,-68,-63,-66,-56,2
-52,-67,-67,-64,-53,2
-66,-70,-56,-61,-52,2
-67,-71,-56,-64,-51,2
-53,-70,-63,-66,-62,2
-64,-60,-75,-60,-73,2
-55,-65,-64,-64,-61,2
-51,-74,-71,-68,-59,2
-56,-73,-57,-73,-56,2
-52,-67,-57,-72,-64,2
-51,-70,-60,-74,-100,2
-49,-71,-63,-65,-53,2
-52,-70,-67,-66,-67,2
-48,-68,-55,-61,-56,2
-51,-67,-57,-67,-58,2
-52,-74,-55,-62,-53,2
-62,-65,-58,-67,-57,2
-48,-66,-56,-60,-54,2
-46,-81,-57,-58,-54,2
-45,-69,-57,-60,-50,2
-44,-65,-59,-61,-51,2
-43,-74,-58,-67,-59,2
-52,-85,-58,-58,-52,2
-65,-83,-58,-59,-55,2
-48,-72,-59,-63,-51,2
-55,-66,-56,-61,-55,2
-59,-100,-63,-64,-52,2
-59,-72,-59,-59,-54,2
-54,-70,-57,-57,-56,2
-51,-68,-54,-64,-49,2
-50,-69,-59,-63,-55,2
-54,-70,-56,-60,-51,2
-53,-71,-54,-60,-50,2
-52,-71,-54,-69,-57,2
-51,-73,-54,-63,-63,2
-51,-59,-59,-65,-58,2
-59,-64,-71,-69,-60,2
-57,-68,-64,-66,-65,2
-51,-68,-61,-63,-63,2
-52,-70,-59,-65,-57,2
-51,-79,-60,-62,-56,2
-47,-71,-69,-61,-58,2
-52,-63,-63,-68,-58,2
-52,-71,-64,-84,-52,2
-53,-72,-69,-58,-55,2
-51,-69,-58,-63,-54,2
-75,-69,-64,-69,-54,2
-55,-67,-63,-65,-51,2
-55,-59,-61,-70,-58,2
-53,-54,-64,-70,-56,2
-66,-68,-64,-61,-50,2
-50,-100,-63,-61,-50,2
-48,-75,-59,-61,-61,2
-57,-100,-48,-64,-60,2
-65,-75,-47,-66,-57,2
-66,-77,-46,-73,-62,2
-58,-87,-60,-100,-54,2
-55,-82,-52,-63,-50,2
-65,-73,-45,-63,-55,2
-53,-72,-50,-62,-59,2
-48,-72,-50,-65,-62,2
-57,-73,-71,-65,-53,2
-51,-70,-70,-66,-60,2
-52,-70,-79,-68,-55,2
-52,-65,-61,-78,-52,2
-61,-66,-57,-60,-51,2
-48,-66,-64,-70,-58,2
-53,-68,-55,-61,-59,2
-52,-68,-56,-56,-62,2
-50,-72,-57,-56,-63,2
-50,-70,-54,-57,-56,2
-51,-67,-55,-56,-58,2
-51,-70,-58,-61,-62,2
-51,-74,-56,-57,-63,2
-49,-70,-52,-57,-58,2
-49,-72,-67,-57,-55,2
-51,-71,-62,-70,-56,2
-53,-73,-57,-70,-55,2
-55,-72,-63,-66,-59,2
-49,-76,-58,-74,-54,2
-47,-76,-65,-64,-54,2
-52,-70,-65,-74,-67,2
-50,-72,-74,-61,-60,2
-50,-68,-61,-62,-58,2
-59,-68,-56,-65,-70,2
-50,-67,-60,-61,-61,2
-48,-74,-58,-60,-53,2
-56,-71,-60,-59,-62,2
-48,-68,-60,-60,-63,2
-56,-64,-65,-62,-56,2
-51,-68,-61,-63,-57,2
-51,-65,-63,-60,-52,2
-54,-63,-62,-64,-57,2
-51,-73,-63,-68,-59,2
-54,-74,-53,-66,-52,2
-52,-69,-61,-66,-53,2
-52,-66,-58,-59,-59,2
-50,-74,-57,-61,-55,2
-68,-75,-71,-64,-51,2
-61,-75,-66,-62,-58,2
-55,-80,-56,-60,-52,2
-58,-100,-58,-56,-53,2
-52,-100,-57,-57,-52,2
-51,-81,-58,-57,-55,2
-50,-77,-55,-55,-64,2
-55,-100,-67,-100,-51,2
-53,-72,-68,-59,-52,2
-55,-74,-60,-65,-49,2
-59,-60,-61,-100,-51,2
-50,-69,-62,-66,-49,2
-56,-70,-66,-66,-61,2
-52,-100,-63,-62,-63,2
-47,-68,-56,-63,-50,2
-46,-100,-58,-64,-53,2
-48,-67,-60,-63,-53,2
-54,-74,-51,-61,-51,2
-54,-74,-64,-100,-58,2
-53,-81,-66,-65,-50,2
-66,-80,-65,-62,-52,2
-53,-79,-57,-63,-44,2
-53,-80,-66,-61,-45,2
-50,-100,-67,-72,-49,2
-52,-100,-61,-68,-53,2
-100,-76,-57,-64,-59,2
-56,-63,-63,-72,-57,2
-64,-56,-93,-68,-63,2
-62,-54,-63,-72,-53,2
-51,-66,-68,-61,-52,2
-54,-73,-59,-64,-58,2
-51,-71,-65,-64,-49,2
-59,-69,-58,-64,-67,2
-54,-69,-58,-60,-64,2
-58,-74,-65,-72,-58,2
-62,-68,-57,-100,-76,2
-49,-69,-61,-61,-66,2
-53,-69,-58,-59,-54,2
-51,-68,-56,-60,-63,2
-51,-65,-55,-68,-67,2
-44,-66,-55,-66,-51,2
-55,-67,-57,-62,-59,2
-56,-68,-56,-100,-60,2
-52,-64,-55,-68,-75,2
-53,-67,-60,-66,-58,2
-51,-66,-56,-67,-64,2
-57,-66,-60,-63,-61,2
-55,-70,-59,-55,-50,2
-59,-79,-68,-69,-55,2
-59,-72,-66,-67,-60,2
-56,-72,-68,-59,-49,2
-48,-76,-58,-65,-60,2
-47,-77,-60,-67,-56,2
-53,-70,-64,-68,-54,2
-52,-73,-77,-62,-63,2
-55,-78,-64,-64,-54,2
-60,-71,-58,-58,-52,2
-53,-74,-58,-67,-62,2
-52,-87,-58,-62,-64,2
-51,-72,-53,-64,-58,2
-63,-79,-59,-57,-53,2
-53,-76,-58,-58,-61,2
-51,-74,-59,-61,-57,2
-56,-72,-72,-71,-76,2
-51,-76,-61,-80,-66,2
-54,-100,-63,-68,-61,2
-62,-74,-62,-67,-55,2
-62,-75,-55,-66,-54,2
-57,-75,-55,-61,-50,2
-50,-67,-56,-58,-61,2
-51,-79,-60,-57,-63,2
-54,-75,-56,-59,-57,2
-52,-70,-54,-56,-59,2
-54,-77,-52,-60,-54,2
-55,-73,-57,-60,-56,2
-54,-88,-57,-62,-55,2
-66,-71,-61,-60,-52,2
-49,-67,-55,-67,-56,2
-53,-65,-56,-62,-51,2
-52,-77,-55,-62,-49,2
-51,-71,-55,-61,-53,2
-54,-75,-55,-61,-52,2
-54,-75,-57,-59,-51,2
-54,-83,-54,-61,-58,2
-53,-72,-52,-66,-54,2
-51,-72,-48,-63,-55,2
-55,-77,-46,-61,-54,2
-56,-100,-48,-61,-50,2
-55,-79,-54,-67,-55,2
-57,-70,-48,-60,-56,2
-54,-67,-49,-60,-56,2
-55,-72,-49,-60,-55,2
-57,-69,-51,-64,-52,2
-55,-75,-62,-59,-52,2
-51,-67,-58,-64,-52,2
-54,-70,-71,-63,-58,2
-51,-69,-58,-59,-58,2
-47,-74,-53,-57,-59,2
-78,-71,-65,-100,-60,2
-55,-71,-64,-100,-53,2
-54,-66,-63,-61,-66,2
-49,-69,-61,-66,-49,2
-52,-71,-61,-68,-51,2
-50,-68,-63,-65,-51,2
-49,-69,-51,-63,-62,2
-54,-74,-50,-57,-55,2
-56,-75,-49,-62,-58,2
-53,-74,-45,-64,-54,2
-54,-78,-47,-61,-57,2
-52,-69,-54,-64,-55,2
-61,-71,-51,-60,-53,2
-56,-79,-52,-58,-53,2
-51,-71,-55,-58,-54,2
-55,-74,-55,-59,-51,2
-52,-100,-54,-59,-51,2
-52,-70,-52,-59,-52,2
-58,-75,-50,-66,-54,2
-54,-78,-53,-67,-55,2
-49,-66,-58,-66,-56,2
-69,-67,-56,-64,-57,2
-59,-71,-54,-58,-58,2
-55,-68,-55,-60,-56,2
-48,-73,-67,-59,-55,2
-62,-73,-54,-61,-55,2
-48,-67,-46,-68,-58,2
-59,-67,-49,-57,-59,2
-51,-73,-59,-61,-54,2
-54,-66,-58,-58,-53,2
-50,-73,-49,-61,-63,2
-51,-78,-52,-64,-70,2
-52,-66,-47,-61,-60,2
-53,-78,-60,-65,-53,2
-57,-72,-65,-68,-50,2
-55,-74,-76,-67,-53,2
-48,-64,-68,-65,-54,2
-53,-64,-57,-100,-51,2
-61,-64,-57,-65,-50,2
-50,-64,-59,-61,-57,2
-51,-63,-67,-58,-55,2
-51,-64,-60,-59,-51,2
-50,-63,-57,-59,-54,2
-52,-63,-59,-63,-54,2
-53,-64,-61,-63,-57,2
-52,-63,-61,-64,-56,2
-53,-100,-63,-69,-55,2
-54,-64,-62,-67,-60,2
-54,-64,-62,-64,-57,2
-51,-65,-57,-59,-52,2
-51,-73,-61,-57,-47,2
-48,-70,-63,-70,-57,2
-48,-70,-55,-69,-55,2
-51,-69,-57,-66,-56,2
-50,-69,-59,-64,-62,2
-55,-66,-69,-60,-54,2
-54,-68,-60,-65,-54,2
-53,-63,-62,-64,-60,2
-51,-70,-57,-100,-56,2
-53,-69,-65,-65,-54,2
-51,-64,-62,-64,-57,2
-51,-69,-59,-66,-56,2
-51,-72,-58,-62,-57,2
-51,-70,-59,-64,-54,2
-51,-71,-62,-61,-59,2
-50,-70,-64,-63,-59,2
-49,-66,-60,-64,-56,2
-50,-69,-63,-62,-60,2
-50,-70,-61,-63,-56,2
-53,-69,-60,-65,-56,2
-53,-69,-62,-62,-53,2
-50,-72,-60,-63,-54,2
-48,-67,-55,-61,-55,2
-47,-67,-59,-64,-59,2
-53,-66,-64,-68,-64,2
-51,-67,-66,-64,-63,2
-51,-69,-67,-61,-62,2
-50,-67,-62,-66,-64,2
-49,-66,-68,-64,-64,2
-48,-66,-64,-60,-65,2
-54,-74,-65,-62,-59,2
-58,-100,-60,-62,-57,2
-60,-100,-67,-60,-64,2
-56,-83,-64,-60,-66,2
-56,-82,-62,-58,-60,2
-59,-100,-63,-58,-66,2
-55,-83,-62,-58,-68,2
-58,-78,-64,-59,-69,2
-57,-79,-64,-60,-65,2
-62,-100,-55,-61,-53,3
-55,-72,-54,-60,-50,3
-54,-100,-51,-59,-54,3
-55,-100,-52,-60,-53,3
-53,-76,-61,-58,-56,3
-58,-100,-54,-56,-51,3
-55,-76,-54,-60,-52,3
-55,-100,-61,-61,-54,3
-54,-69,-55,-56,-53,3
-55,-69,-56,-60,-51,3
-49,-68,-53,-65,-54,3
-55,-100,-53,-63,-55,3
-52,-68,-49,-66,-65,3
-53,-67,-53,-64,-58,3
-55,-73,-54,-75,-61,3
-63,-74,-51,-59,-54,3
-54,-69,-61,-64,-52,3
-53,-70,-64,-57,-53,3
-55,-73,-57,-59,-60,3
-62,-100,-64,-64,-50,3
-58,-71,-54,-58,-56,3
-52,-74,-54,-58,-63,3
-55,-68,-52,-60,-50,3
-64,-74,-58,-57,-52,3
-67,-68,-58,-57,-51,3
-54,-72,-62,-67,-48,3
-52,-100,-57,-66,-53,3
-54,-71,-58,-60,-63,3
-56,-73,-66,-67,-57,3
-49,-69,-50,-68,-53,3
-55,-100,-55,-58,-60,3
-60,-100,-56,-68,-49,3
-55,-72,-59,-54,-45,3
-61,-100,-47,-57,-45,3
-63,-72,-52,-58,-58,3
-60,-100,-57,-56,-58,3
-58,-100,-54,-55,-59,3
-55,-76,-54,-59,-54,3
-55,-74,-61,-57,-52,3
-59,-69,-57,-55,-55,3
-53,-100,-57,-56,-64,3
-58,-77,-57,-60,-54,3
-66,-73,-58,-53,-50,3
-57,-81,-50,-59,-53,3
-53,-78,-52,-58,-54,3
-64,-79,-59,-56,-61,3
-63,-100,-52,-56,-57,3
-61,-100,-48,-51,-54,3
-61,-72,-52,-63,-53,3
-54,-100,-66,-64,-49,3
-56,-72,-51,-55,-45,3
-61,-73,-51,-55,-54,3
-56,-73,-47,-70,-51,3
-57,-100,-58,-53,-44,3
-55,-66,-51,-64,-45,3
-56,-68,-62,-57,-43,3
-56,-75,-65,-61,-45,3
-54,-73,-59,-58,-52,3
-50,-74,-59,-64,-65,3
-51,-75,-57,-62,-54,3
-52,-72,-54,-56,-53,3
-57,-74,-57,-60,-65,3
-52,-75,-64,-58,-51,3
-51,-72,-53,-55,-50,3
-46,-73,-55,-52,-54,3
-49,-70,-47,-52,-53,3
-51,-75,-47,-54,-53,3
-51,-69,-57,-58,-50,3
-60,-77,-55,-58,-53,3
-64,-73,-57,-60,-53,3
-55,-69,-61,-63,-58,3
-55,-70,-57,-60,-72,3
-63,-69,-59,-56,-55,3
-52,-66,-54,-59,-53,3
-50,-69,-53,-56,-55,3
-52,-69,-54,-58,-52,3
-55,-69,-55,-55,-64,3
-55,-70,-55,-56,-58,3
-55,-71,-53,-56,-62,3
-50,-68,-63,-63,-56,3
-53,-73,-57,-58,-61,3
-50,-100,-66,-55,-56,3
-54,-77,-58,-58,-66,3
-50,-73,-53,-58,-61,3
-64,-71,-63,-66,-62,3
-53,-100,-57,-57,-64,3
-59,-71,-100,-60,-63,3
-53,-75,-58,-55,-58,3
-51,-75,-57,-56,-66,3
-50,-70,-55,-56,-59,3
-61,-100,-59,-61,-56,3
-48,-72,-56,-54,-57,3
-49,-73,-55,-59,-69,3
-51,-76,-62,-58,-59,3
-48,-71,-59,-57,-63,3
-50,-69,-52,-58,-54,3
-53,-76,-52,-59,-56,3
-52,-67,-52,-70,-56,3
-52,-100,-76,-58,-50,3
-47,-79,-54,-52,-50,3
-51,-79,-49,-54,-47,3
-51,-80,-64,-54,-65,3
-49,-80,-50,-53,-50,3
-52,-83,-49,-52,-47,3
-53,-81,-50,-53,-49,3
-51,-78,-50,-50,-47,3
-48,-100,-48,-54,-47,3
-50,-81,-50,-52,-53,3
-53,-73,-63,-64,-55,3
-48,-76,-59,-56,-47,3
-55,-74,-55,-61,-47,3
-52,-71,-65,-59,-48,3
-53,-100,-57,-57,-51,3
-50,-83,-53,-56,-52,3
-57,-100,-57,-63,-52,3
-50,-76,-53,-60,-50,3
-57,-82,-59,-61,-46,3
-51,-78,-52,-52,-49,3
-53,-100,-62,-60,-54,3
-52,-75,-59,-71,-60,3
-52,-70,-54,-54,-57,3
-55,-74,-53,-56,-50,3
-49,-73,-64,-55,-59,3
-52,-72,-54,-57,-56,3
-54,-73,-54,-56,-55,3
-53,-72,-55,-54,-55,3
-55,-77,-55,-53,-55,3
-60,-75,-53,-55,-54,3
-56,-100,-58,-56,-57,3
-57,-81,-55,-56,-57,3
-56,-81,-58,-58,-54,3
-54,-76,-55,-62,-51,3
-52,-76,-54,-55,-50,3
-56,-75,-66,-64,-48,3
-59,-80,-58,-59,-48,3
-58,-70,-54,-64,-46,3
-64,-81,-52,-62,-48,3
-64,-74,-54,-60,-49,3
-62,-70,-59,-60,-45,3
-54,-100,-58,-62,-45,3
-50,-72,-50,-51,-55,3
-52,-72,-55,-52,-58,3
-53,-69,-56,-52,-56,3
-52,-71,-59,-51,-55,3
-52,-76,-57,-54,-52,3
-56,-69,-53,-54,-54,3
-52,-77,-57,-56,-55,3
-55,-80,-57,-55,-62,3
-54,-77,-59,-51,-57,3
-53,-100,-55,-54,-54,3
-52,-80,-55,-56,-59,3
-64,-75,-66,-55,-54,3
-55,-74,-57,-57,-64,3
-61,-70,-54,-63,-65,3
-48,-76,-53,-56,-49,3
-53,-75,-59,-58,-49,3
-52,-83,-55,-57,-51,3
-53,-100,-62,-62,-60,3
-68,-74,-65,-55,-75,3
-66,-100,-61,-56,-62,3
-63,-79,-59,-58,-62,3
-55,-72,-58,-61,-61,3
-56,-100,-58,-63,-64,3
-59,-100,-56,-61,-62,3
-55,-75,-54,-62,-59,3
-62,-73,-53,-62,-58,3
-58,-72,-60,-56,-49,3
-69,-73,-59,-60,-56,3
-66,-69,-56,-57,-62,3
-57,-74,-56,-55,-56,3
-60,-83,-51,-61,-65,3
-53,-71,-57,-55,-55,3
-63,-71,-54,-55,-50,3
-64,-78,-56,-56,-55,3
-52,-80,-49,-58,-53,3
-57,-68,-58,-62,-53,3
-54,-73,-57,-60,-57,3
-61,-100,-54,-53,-55,3
-53,-76,-63,-56,-51,3
-54,-70,-56,-60,-54,3
-59,-68,-55,-75,-54,3
-59,-76,-62,-59,-58,3
-57,-66,-53,-60,-54,3
-64,-67,-56,-64,-57,3
-54,-78,-54,-56,-67,3
-57,-80,-52,-53,-60,3
-56,-100,-56,-58,-65,3
-55,-79,-53,-56,-50,3
-51,-74,-52,-57,-60,3
-58,-73,-62,-55,-62,3
-60,-76,-51,-58,-58,3
-55,-100,-53,-57,-50,3
-65,-70,-60,-56,-50,3
-53,-75,-55,-53,-60,3
-60,-71,-67,-64,-55,3
-64,-78,-56,-59,-63,3
-60,-68,-56,-62,-57,3
-56,-74,-67,-71,-58,3
-61,-74,-72,-52,-60,3
-54,-70,-63,-61,-57,3
-61,-74,-59,-54,-53,3
-57,-71,-61,-59,-55,3
-54,-74,-57,-65,-54,3
-54,-69,-57,-57,-55,3
-54,-80,-59,-53,-55,3
-52,-74,-56,-57,-55,3
-56,-70,-55,-52,-63,3
-64,-70,-58,-54,-100,3
-70,-70,-57,-52,-54,3
-59,-75,-61,-55,-60,3
-58,-78,-56,-57,-53,3
-59,-77,-62,-55,-51,3
-57,-73,-63,-62,-52,3
-53,-78,-61,-60,-53,3
-51,-79,-57,-56,-55,3
-55,-100,-60,-57,-59,3
-63,-74,-62,-57,-54,3
-56,-100,-59,-57,-55,3
-59,-79,-63,-52,-62,3
-54,-79,-55,-57,-66,3
-60,-100,-63,-56,-66,3
-56,-73,-68,-57,-55,3
-59,-74,-50,-61,-59,3
-66,-75,-54,-55,-55,3
-56,-68,-86,-56,-56,3
-51,-81,-53,-63,-60,3
-59,-82,-60,-55,-57,3
-59,-81,-57,-53,-61,3
-58,-74,-53,-53,-64,3
-60,-70,-55,-62,-61,3
-61,-100,-66,-62,-62,3
-53,-75,-61,-51,-40,3
-57,-78,-59,-55,-39,3
-56,-100,-55,-54,-40,3
-62,-77,-58,-54,-40,3
-57,-76,-56,-58,-65,3
-59,-79,-59,-56,-59,3
-54,-75,-65,-52,-52,3
-54,-71,-54,-60,-57,3
-55,-71,-53,-54,-54,3
-60,-73,-57,-57,-63,3
-56,-72,-54,-55,-64,3
-54,-73,-57,-57,-58,3
-57,-77,-66,-57,-64,3
-52,-74,-62,-56,-67,3
-60,-72,-58,-55,-58,3
-63,-100,-61,-70,-57,3
-65,-71,-61,-60,-62,3
-52,-73,-58,-63,-57,3
-52,-65,-55,-61,-53,3
-50,-68,-59,-65,-60,3
-57,-74,-53,-58,-59,3
-52,-100,-66,-57,-67,3
-58,-75,-59,-54,-57,3
-67,-72,-54,-62,-56,3
-56,-73,-63,-60,-67,3
-55,-100,-64,-54,-63,3
-51,-73,-62,-58,-62,3
-57,-69,-57,-59,-65,3
-55,-71,-57,-57,-60,3
-58,-70,-54,-61,-66,3
-53,-75,-53,-58,-53,3
-59,-71,-61,-65,-57,3
-54,-100,-64,-52,-100,3
-56,-76,-62,-54,-60,3
-50,-75,-55,-54,-57,3
-52,-74,-59,-58,-65,3
-58,-72,-57,-62,-55,3
-54,-69,-59,-59,-55,3
-54,-74,-54,-61,-55,3
-64,-71,-57,-65,-58,3
-55,-100,-57,-60,-70,3
-52,-74,-64,-55,-61,3
-54,-74,-62,-54,-58,3
-54,-75,-56,-55,-55,3
-55,-100,-59,-55,-61,3
-57,-76,-58,-56,-58,3
-55,-73,-56,-54,-55,3
-59,-74,-59,-55,-58,3
-68,-100,-62,-66,-61,3
-56,-75,-56,-60,-50,3
-72,-71,-57,-69,-55,3
-60,-74,-63,-60,-56,3
-56,-100,-54,-63,-66,3
-56,-71,-58,-68,-100,3
-56,-73,-57,-59,-63,3
-53,-70,-54,-63,-70,3
-60,-100,-67,-61,-54,3
-60,-100,-55,-55,-54,3
-62,-100,-58,-64,-75,3
-53,-75,-64,-56,-61,3
-55,-80,-48,-53,-63,3
-55,-100,-49,-55,-60,3
-57,-100,-52,-56,-63,3
-66,-100,-54,-56,-67,3
-51,-76,-53,-57,-56,3
-54,-76,-51,-61,-55,3
-52,-70,-54,-58,-62,3
-49,-73,-56,-64,-54,3
-54,-78,-53,-58,-68,3
-47,-100,-56,-60,-58,6
-52,-100,-52,-69,-54,6
-54,-100,-58,-64,-69,6
-50,-100,-49,-54,-57,6
-56,-100,-61,-66,-56,6
-51,-100,-51,-62,-73,6
-86,-78,-52,-71,-56,6
-48,-79,-49,-61,-60,6
-56,-100,-75,-72,-68,6
-54,-86,-53,-54,-58,6
-52,-83,-49,-58,-67,6
-53,-100,-52,-54,-61,6
-50,-100,-57,-54,-60,6
-62,-79,-60,-52,-61,6
-49,-80,-55,-54,-60,6
-49,-100,-53,-56,-68,6
-45,-100,-57,-55,-67,6
-46,-100,-53,-56,-64,6
-56,-100,-49,-61,-62,6
-51,-74,-57,-57,-70,6
-46,-100,-47,-63,-67,6
-43,-100,-43,-57,-65,6
-53,-100,-46,-57,-72,6
-50,-100,-43,-56,-68,6
-50,-85,-45,-54,-69,6
-44,-100,-44,-54,-67,6
-43,-100,-46,-67,-62,6
-49,-100,-48,-65,-55,6
-54,-90,-48,-54,-55,6
-51,-100,-51,-63,-54,6
-84,-100,-55,-62,-54,6
-49,-80,-52,-54,-56,6
-51,-100,-53,-61,-55,6
-57,-100,-49,-66,-56,6
-56,-100,-49,-65,-56,6
-54,-80,-48,-60,-100,6
-54,-100,-50,-56,-62,6
-54,-82,-63,-54,-63,6
-55,-100,-53,-55,-61,6
-56,-100,-51,-60,-52,6
-58,-100,-51,-70,-54,6
-60,-100,-49,-60,-58,6
-54,-100,-59,-62,-52,6
-54,-100,-60,-61,-63,6
-55,-78,-58,-66,-54,6
-58,-100,-54,-64,-53,6
-54,-83,-58,-55,-56,6
-51,-100,-59,-58,-53,6
-52,-100,-57,-64,-55,6
-59,-100,-53,-59,-54,6
-60,-100,-59,-62,-56,6
-60,-100,-50,-62,-58,6
-60,-100,-53,-64,-59,6
-62,-100,-56,-63,-56,6
-55,-100,-54,-63,-59,6
-58,-84,-53,-70,-58,6
-60,-80,-53,-68,-58,6
-59,-100,-53,-67,-60,6
-52,-100,-48,-64,-58,6
-51,-77,-55,-61,-56,6
-49,-100,-55,-71,-57,6
-60,-100,-57,-69,-57,6
-53,-100,-58,-64,-55,6
-56,-100,-56,-59,-65,6
-57,-100,-55,-61,-61,6
-60,-100,-58,-60,-58,6
-89,-100,-47,-60,-60,6
-52,-100,-44,-65,-57,6
-49,-100,-46,-60,-58,6
-51,-100,-51,-68,-57,6
-52,-100,-55,-59,-69,6
-46,-100,-46,-55,-83,6
-47,-100,-46,-63,-73,6
-50,-100,-55,-68,-68,6
-51,-82,-51,-61,-61,6
-52,-100,-47,-68,-70,6
-53,-100,-51,-65,-64,6
-52,-100,-46,-69,-68,6
-52,-100,-50,-72,-67,6
-54,-100,-51,-64,-69,6
-52,-100,-44,-68,-70,6
-56,-100,-48,-67,-69,6
-59,-100,-54,-65,-65,6
-53,-100,-63,-71,-68,6
-61,-81,-54,-74,-63,6
-70,-80,-56,-80,-65,6
-61,-84,-57,-100,-62,6
-60,-82,-57,-80,-63,6
-61,-100,-62,-68,-77,6
-66,-100,-49,-72,-67,6
-100,-100,-59,-69,-59,6
-45,-100,-52,-73,-65,6
-46,-100,-53,-74,-66,6
-44,-100,-66,-76,-62,6
-45,-100,-66,-71,-63,6
-54,-100,-68,-66,-60,6
-44,-100,-70,-59,-59,6
-49,-100,-53,-63,-61,6
-47,-100,-67,-62,-65,6
-60,-100,-50,-58,-68,6
-41,-77,-54,-55,-67,6
-41,-100,-51,-66,-60,6
-41,-100,-46,-62,-74,6
-44,-100,-53,-56,-67,6
-45,-100,-53,-54,-67,6
-40,-100,-52,-56,-67,6
-43,-100,-46,-58,-77,6
-45,-74,-53,-67,-67,6
-46,-70,-57,-68,-55,6
-54,-77,-53,-70,-56,6
-52,-75,-51,-69,-54,6
-100,-73,-54,-70,-56,6
-56,-100,-50,-66,-54,6
-49,-78,-59,-71,-56,6
-55,-82,-49,-72,-55,6
-57,-82,-46,-73,-60,6
-57,-100,-48,-66,-64,6
-56,-82,-54,-68,-71,6
-61,-100,-50,-70,-71,6
-63,-100,-47,-64,-70,6
-57,-83,-49,-69,-62,6
-68,-83,-57,-70,-68,6
-57,-79,-56,-75,-69,6
-57,-78,-100,-66,-67,6
-55,-79,-67,-66,-57,6
-52,-83,-55,-65,-69,6
-43,-83,-68,-69,-58,6
-40,-100,-55,-66,-75,6
-49,-100,-54,-67,-63,6
-42,-82,-61,-64,-71,6
-56,-100,-46,-57,-66,6
-49,-81,-48,-59,-65,6
-49,-100,-48,-61,-60,6
-50,-83,-48,-61,-62,6
-44,-100,-50,-61,-60,6
-46,-100,-52,-62,-59,6
-53,-100,-66,-58,-57,6
-51,-100,-67,-64,-66,6
-53,-82,-64,-71,-68,6
-58,-100,-54,-67,-67,6
-48,-100,-56,-68,-67,6
-55,-100,-64,-64,-68,6
-55,-89,-49,-62,-67,6
-50,-100,-57,-58,-58,6
-45,-100,-56,-59,-63,6
-49,-100,-56,-58,-56,6
-52,-100,-54,-59,-60,6
-54,-100,-53,-59,-62,6
-100,-81,-51,-63,-75,6
-53,-100,-61,-61,-68,6
-52,-87,-67,-59,-72,6
-54,-85,-60,-61,-67,6
-51,-100,-69,-61,-76,6
-52,-100,-57,-64,-72,6
-55,-87,-63,-62,-70,6
-57,-88,-59,-62,-68,6
-100,-100,-57,-60,-68,6
-65,-86,-64,-64,-65,6
-55,-87,-49,-54,-71,6
-67,-100,-54,-61,-65,6
-52,-81,-54,-64,-71,6
-55,-83,-54,-64,-71,6
-51,-82,-58,-66,-69,6
-56,-84,-57,-67,-67,6
-61,-100,-54,-65,-55,6
-54,-82,-55,-65,-56,6
-60,-87,-59,-70,-57,6
-100,-85,-55,-61,-56,6
-58,-81,-59,-62,-57,6
-61,-78,-67,-73,-61,6
-62,-79,-61,-61,-57,6
-66,-80,-62,-69,-61,6
-69,-83,-65,-69,-62,6
-77,-82,-67,-69,-63,6
-59,-85,-60,-63,-59,6
-74,-78,-61,-68,-59,6
-49,-91,-66,-68,-65,6
-52,-80,-62,-61,-56,6
-50,-100,-62,-61,-68,6
-49,-85,-64,-60,-65,6
-47,-86,-66,-66,-69,6
-61,-81,-57,-69,-61,6
-65,-84,-71,-62,-64,6
-49,-80,-57,-55,-66,6
-50,-100,-56,-57,-64,6
-49,-82,-57,-53,-58,6
-51,-100,-57,-61,-62,6
-45,-88,-58,-53,-64,6
-53,-78,-56,-58,-69,6
-52,-75,-53,-56,-68,6
-62,-82,-58,-54,-61,6
-45,-85,-52,-52,-72,6
-55,-100,-66,-57,-69,6
-48,-88,-55,-55,-64,6
-50,-83,-57,-58,-69,6
-51,-100,-54,-58,-69,6
-65,-100,-60,-60,-64,6
-53,-84,-53,-60,-62,6
-53,-100,-58,-71,-67,6
-61,-84,-66,-60,-62,6
-62,-83,-53,-59,-67,6
-50,-100,-55,-57,-68,6
-56,-84,-62,-56,-66,6
-59,-81,-55,-55,-62,6
-51,-83,-71,-58,-64,6
-53,-100,-57,-53,-59,6
-53,-82,-52,-55,-61,6
-55,-85,-55,-66,-55,6
-51,-100,-55,-58,-73,6
-52,-100,-61,-62,-66,6
-54,-85,-61,-61,-61,6
-58,-84,-55,-70,-62,6
-63,-85,-57,-68,-57,6
-61,-100,-59,-69,-71,6
-67,-100,-57,-68,-63,6
-64,-84,-58,-68,-72,6
-58,-81,-66,-66,-70,6
-59,-82,-66,-70,-65,6
-67,-75,-59,-66,-68,6
-60,-80,-61,-70,-70,6
-66,-100,-55,-65,-66,6
-61,-80,-67,-62,-72,6
-54,-80,-54,-62,-66,6
-52,-83,-54,-61,-61,6
-63,-84,-55,-62,-61,6
-50,-85,-56,-69,-68,6
-64,-81,-57,-70,-65,6
-57,-82,-59,-62,-69,6
-59,-83,-51,-63,-66,6
-55,-90,-61,-65,-66,6
-62,-82,-65,-68,-65,6
-58,-100,-55,-71,-62,6
-52,-79,-62,-63,-68,6
-54,-100,-55,-67,-57,6
-58,-100,-58,-65,-60,6
-65,-82,-61,-65,-59,6
-53,-100,-64,-68,-100,6
-48,-100,-62,-70,-55,6
-55,-83,-56,-69,-68,6
-50,-81,-59,-67,-59,6
-47,-100,-55,-64,-67,6
-48,-92,-49,-65,-74,6
-56,-100,-49,-68,-66,6
-51,-79,-60,-62,-64,6
-56,-100,-57,-66,-64,6
-43,-100,-64,-63,-60,6
-51,-82,-55,-59,-66,6
-53,-86,-54,-74,-65,6
-56,-100,-56,-67,-68,6
-44,-81,-48,-59,-64,6
-49,-80,-53,-62,-63,6
-62,-80,-49,-60,-74,6
-55,-84,-60,-56,-67,6
-58,-86,-52,-73,-79,6
-61,-78,-58,-66,-58,6
-59,-78,-70,-59,-60,6
-58,-100,-57,-66,-54,6
-61,-100,-59,-68,-61,6
-61,-100,-60,-63,-59,6
-58,-88,-67,-63,-67,6
-66,-84,-53,-63,-55,6
-66,-100,-54,-65,-62,6
-67,-86,-57,-76,-66,6
-66,-80,-66,-65,-65,6
-47,-100,-46,-50,-63,6
-47,-87,-51,-60,-58,6
-55,-82,-52,-59,-56,6
-58,-84,-56,-59,-52,6
-61,-86,-54,-62,-61,6
-57,-100,-50,-54,-64,6
-60,-86,-50,-56,-64,6
-69,-82,-53,-57,-62,6
-46,-100,-65,-62,-62,6
-51,-86,-64,-61,-69,6
-68,-81,-64,-61,-74,6
-46,-85,-54,-57,-84,6
-46,-93,-53,-55,-72,6
-46,-87,-61,-59,-64,6
-47,-86,-58,-59,-62,6
-48,-79,-48,-55,-67,6
-44,-100,-47,-53,-64,6
-53,-83,-59,-62,-60,6
-52,-84,-49,-52,-63,6
-51,-80,-57,-55,-66,6
-52,-100,-53,-49,-64,6
-50,-84,-52,-59,-55,6
-50,-80,-52,-62,-57,6
-47,-100,-59,-69,-65,6
-58,-82,-55,-59,-58,6
-53,-100,-49,-66,-62,6
-49,-100,-60,-65,-67,6
-48,-85,-56,-63,-57,6
-51,-79,-53,-69,-65,6
-54,-100,-50,-63,-59,6
-46,-100,-58,-71,-62,6
-47,-79,-50,-58,-60,6
-49,-76,-52,-63,-65,6
-53,-85,-50,-70,-58,6
-50,-81,-53,-69,-62,6
-51,-77,-65,-58,-58,6
-53,-71,-57,-67,-65,5
-65,-76,-58,-57,-52,5
-57,-72,-54,-54,-56,5
-62,-70,-57,-60,-60,5
-60,-85,-56,-57,-53,5
-63,-77,-53,-59,-54,5
-63,-79,-53,-59,-56,5
-55,-74,-57,-55,-55,5
-55,-71,-51,-64,-57,5
-63,-72,-55,-62,-54,5
-62,-73,-56,-64,-54,5
-60,-73,-57,-59,-47,5
-63,-69,-59,-62,-52,5
-60,-74,-57,-63,-51,5
-59,-74,-72,-68,-53,5
-55,-81,-60,-100,-54,5
-66,-76,-100,-65,-56,5
-64,-78,-64,-70,-55,5
-59,-79,-71,-59,-57,5
-57,-81,-69,-57,-56,5
-61,-71,-59,-61,-60,5
-53,-79,-64,-58,-50,5
-62,-80,-63,-55,-53,5
-57,-68,-56,-69,-66,5
-59,-100,-67,-62,-53,5
-60,-100,-64,-58,-52,5
-69,-78,-60,-64,-53,5
-56,-76,-59,-57,-53,5
-60,-77,-60,-59,-57,5
-63,-84,-57,-57,-58,5
-59,-85,-53,-60,-58,5
-54,-84,-59,-100,-54,5
-60,-71,-60,-68,-66,5
-68,-100,-60,-100,-62,5
-62,-79,-65,-64,-61,5
-63,-82,-66,-65,-65,5
-58,-80,-64,-100,-76,5
-66,-82,-68,-73,-63,5
-66,-88,-65,-66,-65,5
-58,-77,-57,-60,-64,5
-72,-85,-60,-67,-61,5
-100,-80,-54,-77,-60,5
-69,-79,-60,-68,-58,5
-65,-100,-60,-62,-56,5
-64,-100,-67,-62,-58,5
-60,-74,-77,-71,-57,5
-61,-82,-65,-68,-50,5
-61,-85,-57,-73,-58,5
-59,-100,-61,-57,-51,5
-57,-100,-53,-53,-54,5
-59,-84,-65,-62,-54,5
-64,-73,-56,-65,-57,5
-61,-73,-54,-61,-57,5
-58,-79,-57,-59,-55,5
-52,-76,-53,-61,-56,5
-57,-100,-62,-68,-56,5
-59,-70,-60,-59,-55,5
-59,-69,-55,-59,-60,5
-62,-72,-56,-64,-59,5
-63,-71,-61,-64,-59,5
-62,-70,-61,-65,-54,5
-62,-72,-65,-69,-54,5
-65,-68,-63,-64,-61,5
-58,-70,-60,-70,-71,5
-58,-69,-60,-65,-56,5
-69,-70,-70,-60,-54,5
-64,-70,-66,-69,-53,5
-62,-71,-66,-69,-55,5
-69,-69,-66,-73,-59,5
-63,-73,-77,-64,-66,5
-66,-70,-69,-68,-54,5
-58,-83,-68,-68,-55,5
-59,-84,-61,-69,-64,5
-63,-79,-65,-68,-67,5
-61,-80,-61,-59,-60,5
-54,-82,-69,-72,-61,5
-59,-80,-70,-63,-58,5
-56,-82,-60,-66,-53,5
-62,-76,-53,-65,-62,5
-65,-71,-66,-68,-52,5
-61,-73,-71,-65,-52,5
-60,-69,-61,-60,-53,5
-69,-69,-60,-55,-48,5
-62,-67,-56,-60,-50,5
-62,-68,-62,-75,-49,5
-60,-100,-58,-67,-48,5
-63,-71,-59,-63,-54,5
-60,-69,-55,-58,-47,5
-59,-71,-58,-62,-52,5
-59,-69,-58,-63,-50,5
-100,-66,-57,-59,-52,5
-74,-67,-68,-60,-52,5
-59,-69,-62,-59,-57,5
-60,-70,-68,-60,-55,5
-63,-70,-64,-64,-68,5
-61,-67,-67,-65,-64,5
-57,-72,-61,-62,-65,5
-60,-67,-67,-61,-63,5
-57,-69,-59,-64,-57,5
-59,-68,-59,-69,-55,5
-68,-100,-66,-61,-61,5
-58,-68,-66,-65,-58,5
-58,-72,-65,-66,-55,5
-62,-69,-66,-63,-49,5
-48,-80,-62,-53,-51,5
-49,-74,-54,-56,-63,5
-56,-100,-58,-56,-67,5
-59,-67,-70,-54,-60,5
-57,-72,-61,-52,-66,5
-72,-69,-65,-53,-77,5
-57,-69,-68,-56,-58,5
-53,-68,-54,-58,-68,5
-54,-69,-61,-56,-61,5
-52,-69,-57,-55,-60,5
-56,-69,-59,-57,-60,5
-62,-70,-58,-51,-57,5
-59,-69,-57,-56,-68,5
-57,-68,-58,-56,-59,5
-66,-70,-61,-59,-57,5
-60,-68,-59,-57,-56,5
-57,-76,-53,-54,-53,5
-53,-80,-66,-55,-65,5
-50,-69,-59,-56,-66,5
-63,-74,-51,-53,-66,5
-59,-72,-53,-53,-62,5
-62,-74,-55,-53,-66,5
-52,-77,-52,-54,-66,5
-54,-76,-57,-58,-68,5
-54,-80,-56,-55,-61,5
-56,-100,-62,-53,-54,5
-54,-75,-58,-55,-62,5
-53,-76,-52,-52,-67,5
-65,-75,-57,-64,-65,5
-51,-72,-63,-65,-63,5
-63,-63,-57,-62,-64,5
-60,-100,-67,-59,-70,5
-58,-100,-60,-65,-68,5
-66,-100,-60,-66,-61,5
-62,-82,-65,-64,-67,5
-54,-69,-64,-64,-61,5
-63,-76,-66,-66,-65,5
-62,-100,-62,-67,-70,5
-56,-100,-67,-68,-65,5
-50,-79,-53,-55,-67,5
-55,-100,-52,-51,-67,5
-56,-100,-52,-70,-65,5
-59,-80,-47,-57,-71,5
-74,-100,-54,-57,-70,5
-58,-76,-52,-52,-67,5
-60,-70,-51,-52,-63,5
-59,-81,-63,-55,-60,5
-51,-100,-41,-56,-60,5
-51,-71,-50,-46,-57,5
-58,-100,-56,-46,-52,5
-57,-100,-52,-68,-58,5
-61,-73,-61,-69,-57,5
-64,-75,-55,-68,-57,5
-60,-70,-50,-56,-58,5
-69,-72,-54,-57,-100,5
-56,-70,-65,-56,-60,5
-62,-67,-59,-49,-59,5
-56,-69,-53,-47,-50,5
-56,-75,-51,-56,-57,5
-52,-70,-45,-55,-45,5
-67,-71,-59,-65,-52,5
-60,-76,-59,-54,-65,5
-64,-72,-51,-61,-55,5
-61,-75,-59,-66,-63,5
-56,-100,-57,-63,-61,5
-60,-76,-64,-62,-62,5
-63,-68,-59,-67,-65,5
-67,-100,-64,-59,-59,5
-60,-69,-60,-66,-49,5
-58,-76,-59,-65,-50,5
-51,-68,-53,-52,-61,5
-55,-69,-54,-53,-62,5
-52,-79,-57,-57,-59,5
-50,-78,-55,-57,-54,5
-51,-78,-58,-59,-53,5
-48,-76,-57,-61,-54,5
-50,-74,-58,-60,-55,5
-49,-78,-58,-59,-54,5
-47,-72,-58,-56,-52,5
-50,-73,-54,-80,-55,5
-56,-74,-57,-69,-48,5
-53,-76,-62,-68,-51,5
-49,-75,-61,-62,-56,5
-59,-76,-49,-64,-67,5
-58,-100,-52,-63,-58,5
-51,-100,-51,-55,-54,5
-58,-100,-57,-67,-55,5
-60,-67,-57,-68,-46,5
-66,-66,-62,-67,-53,5
-56,-78,-53,-57,-55,5
-52,-79,-62,-64,-59,5
-59,-74,-67,-61,-47,5
-61,-71,-54,-63,-54,5
-52,-75,-48,-61,-48,5
-53,-100,-70,-54,-59,5
-57,-100,-68,-65,-50,5
-60,-100,-68,-69,-56,5
-56,-100,-55,-65,-56,5
-71,-73,-56,-100,-55,5
-59,-78,-62,-67,-52,5
-56,-100,-52,-100,-56,5
-58,-69,-59,-57,-67,5
-63,-79,-64,-61,-56,5
-53,-100,-61,-100,-51,5
-50,-77,-64,-56,-55,5
-53,-72,-50,-69,-54,5
-60,-79,-52,-62,-56,5
-63,-68,-51,-54,-63,5
-57,-71,-64,-61,-55,5
-57,-77,-50,-60,-50,5
-67,-72,-58,-68,-60,5
-54,-73,-69,-72,-54,5
-49,-71,-67,-75,-50,5
-53,-69,-64,-62,-51,5
-51,-69,-55,-73,-51,5
-55,-72,-59,-68,-49,5
-53,-76,-63,-69,-54,5
-60,-71,-65,-59,-50,5
-61,-78,-61,-63,-58,5
-59,-100,-64,-63,-53,5
-56,-100,-57,-65,-43,5
-54,-100,-57,-51,-58,5
-56,-100,-61,-59,-64,5
-54,-76,-61,-63,-50,5
-60,-71,-61,-67,-50,5
-56,-77,-64,-53,-55,5
-58,-80,-59,-56,-58,5
-51,-69,-53,-64,-50,5
-51,-72,-62,-72,-52,5
-58,-77,-50,-70,-60,5
-61,-77,-62,-74,-62,5
-51,-75,-66,-76,-59,5
-59,-73,-65,-74,-55,5
-52,-68,-58,-69,-50,5
-60,-79,-72,-62,-50,5
-57,-100,-71,-64,-51,5
-55,-82,-62,-77,-45,5
-59,-78,-57,-68,-55,5
-52,-74,-65,-58,-59,5
-55,-100,-57,-63,-70,5
-61,-77,-55,-64,-52,5
-53,-72,-59,-65,-57,5
-47,-72,-52,-68,-55,5
-67,-79,-64,-50,-54,5
-69,-76,-53,-55,-64,5
-59,-87,-59,-66,-60,5
-55,-71,-59,-65,-52,5
-47,-74,-66,-62,-58,5
-67,-100,-70,-65,-57,5
-56,-84,-65,-63,-60,5
-55,-73,-64,-71,-66,5
-58,-76,-76,-67,-79,5
-58,-73,-54,-67,-50,5
-63,-79,-61,-85,-61,5
-63,-84,-64,-63,-52,5
-57,-100,-55,-72,-48,5
-65,-85,-56,-60,-57,5
-58,-82,-62,-54,-48,5
-55,-70,-62,-100,-56,5
-52,-76,-57,-58,-57,5
-47,-72,-63,-54,-45,5
-54,-100,-76,-53,-49,5
-53,-67,-49,-52,-52,5
-50,-74,-67,-72,-51,5
-50,-84,-54,-64,-50,5
-53,-75,-54,-64,-53,5
-60,-76,-57,-57,-52,5
-63,-79,-49,-68,-50,5
-59,-71,-49,-72,-53,5
-58,-74,-55,-56,-53,5
-53,-74,-45,-59,-52,5
-45,-100,-51,-56,-51,5
-53,-80,-44,-57,-50,5
-66,-78,-50,-53,-50,5
-55,-81,-52,-56,-50,5
-52,-77,-65,-56,-60,5
-52,-100,-53,-54,-55,5
-56,-70,-54,-56,-50,5
-62,-100,-59,-53,-56,5
-57,-100,-52,-52,-60,5
-59,-74,-54,-73,-52,5
-58,-76,-67,-65,-52,5
-52,-73,-61,-64,-46,5
-55,-72,-66,-68,-62,5
-63,-78,-47,-54,-49,5
-54,-72,-57,-72,-56,5
-59,-72,-60,-70,-53,5
-63,-76,-55,-74,-50,5
-59,-72,-61,-67,-55,5
-57,-71,-68,-66,-48,5
-54,-100,-68,-67,-52,5
-55,-70,-62,-68,-61,5
-53,-71,-63,-64,-50,5
-58,-75,-69,-62,-54,5
-53,-76,-55,-61,-44,5
-59,-67,-61,-64,-45,5
-66,-80,-62,-63,-53,7
-64,-100,-64,-65,-50,7
-68,-76,-57,-64,-57,7
-61,-75,-52,-62,-68,7
-64,-75,-56,-68,-62,7
-56,-100,-51,-59,-62,7
-59,-86,-52,-58,-54,7
-59,-91,-52,-56,-57,7
-56,-75,-53,-54,-56,7
-55,-81,-49,-50,-54,7
-65,-82,-52,-57,-70,7
-53,-83,-53,-63,-65,7
-53,-100,-55,-69,-61,7
-53,-85,-56,-65,-67,7
-62,-100,-68,-69,-53,7
-57,-100,-56,-100,-61,7
-68,-100,-64,-69,-55,7
-67,-76,-61,-64,-54,7
-63,-78,-55,-70,-58,7
-63,-80,-54,-58,-55,7
-60,-100,-56,-66,-67,7
-61,-82,-53,-62,-100,7
-56,-100,-54,-65,-66,7
-62,-78,-54,-73,-72,7
-59,-80,-45,-61,-59,7
-59,-78,-51,-65,-54,7
-58,-74,-49,-62,-51,7
-57,-72,-48,-65,-53,7
-60,-76,-50,-62,-56,7
-64,-73,-46,-65,-56,7
-58,-100,-53,-67,-54,7
-59,-82,-52,-71,-70,7
-58,-77,-50,-62,-67,7
-64,-100,-48,-64,-61,7
-57,-82,-52,-62,-56,7
-55,-84,-47,-70,-54,7
-55,-77,-52,-63,-54,7
-55,-74,-48,-63,-50,7
-62,-77,-47,-60,-54,7
-62,-74,-49,-56,-49,7
-57,-71,-48,-56,-49,7
-55,-78,-50,-60,-51,7
-58,-77,-50,-58,-49,7
-62,-76,-48,-61,-50,7
-57,-100,-51,-100,-49,7
-64,-76,-50,-58,-52,7
-57,-70,-49,-56,-50,7
-58,-71,-52,-57,-49,7
-58,-73,-52,-58,-49,7
-55,-72,-53,-56,-51,7
-56,-72,-52,-57,-50,7
-63,-76,-50,-67,-48,7
-65,-79,-63,-64,-51,7
-62,-73,-68,-68,-52,7
-68,-75,-59,-61,-54,7
-74,-78,-63,-70,-54,7
-65,-79,-63,-71,-53,7
-70,-75,-55,-68,-63,7
-68,-73,-59,-68,-53,7
-68,-73,-60,-65,-48,7
-70,-72,-53,-68,-53,7
-65,-72,-55,-70,-55,7
-67,-75,-56,-66,-53,7
-65,-75,-62,-70,-56,7
-61,-79,-57,-67,-54,7
-67,-75,-56,-74,-54,7
-64,-77,-52,-67,-45,7
-61,-78,-53,-70,-50,7
-64,-77,-52,-72,-49,7
-72,-77,-59,-71,-51,7
-66,-74,-66,-69,-52,7
-66,-80,-59,-69,-50,7
-62,-86,-59,-77,-53,7
-65,-77,-61,-74,-49,7
-59,-70,-66,-71,-56,7
-59,-77,-54,-68,-52,7
-65,-73,-54,-67,-51,7
-68,-72,-53,-61,-57,7
-67,-72,-47,-69,-50,7
-100,-74,-48,-59,-49,7
-67,-71,-51,-65,-48,7
-62,-74,-64,-70,-54,7
-58,-71,-61,-65,-62,7
-69,-72,-48,-68,-55,7
-66,-76,-51,-62,-54,7
-62,-71,-52,-60,-49,7
-64,-76,-52,-64,-54,7
-63,-74,-52,-63,-55,7
-64,-76,-57,-71,-53,7
-60,-100,-56,-69,-57,7
-64,-78,-56,-68,-50,7
-54,-81,-64,-67,-51,7
-53,-81,-54,-62,-51,7
-100,-100,-62,-65,-49,7
-58,-88,-51,-68,-50,7
-60,-100,-58,-69,-48,7
-60,-78,-63,-65,-50,7
-66,-76,-58,-65,-48,7
-64,-100,-53,-69,-46,7
-61,-79,-60,-67,-52,7
-57,-77,-61,-65,-50,7
-58,-76,-72,-69,-50,7
-65,-75,-68,-68,-52,7
-73,-73,-65,-67,-52,7
-59,-69,-58,-67,-56,7
-57,-71,-58,-64,-51,7
-65,-71,-52,-69,-58,7
-61,-72,-55,-65,-61,7
-63,-71,-58,-66,-55,7
-64,-100,-63,-64,-60,7
-52,-75,-67,-69,-53,7
-54,-77,-60,-67,-51,7
-56,-100,-70,-71,-50,7
-61,-100,-59,-71,-51,7
-60,-73,-58,-68,-52,7
-52,-71,-65,-69,-54,7
-54,-71,-58,-68,-50,7
-55,-72,-68,-68,-51,7
-56,-69,-66,-63,-52,7
-64,-70,-64,-65,-58,7
-58,-74,-66,-65,-49,7
-54,-77,-55,-61,-62,7
-64,-100,-60,-65,-57,7
-62,-81,-55,-62,-55,7
-62,-85,-53,-67,-54,7
-63,-100,-57,-61,-52,7
-54,-85,-53,-67,-53,7
-66,-84,-53,-66,-51,7
-62,-100,-50,-64,-53,7
-62,-100,-58,-63,-56,7
-70,-89,-54,-60,-52,7
-60,-100,-53,-70,-58,7
-56,-79,-52,-65,-61,7
-60,-100,-58,-62,-66,7
-65,-100,-68,-58,-79,7
-62,-84,-65,-65,-68,7
-64,-80,-52,-62,-65,7
-72,-100,-57,-64,-67,7
-56,-80,-60,-62,-73,7
-58,-73,-65,-67,-72,7
-61,-79,-59,-66,-66,7
-66,-100,-56,-62,-64,7
-70,-82,-57,-56,-66,7
-70,-77,-62,-67,-65,7
-70,-72,-65,-68,-62,7
-69,-75,-72,-59,-53,7
-62,-74,-66,-62,-52,7
-66,-68,-61,-74,-54,7
-65,-100,-60,-61,-54,7
-62,-85,-53,-61,-64,7
-62,-100,-57,-62,-65,7
-59,-100,-56,-62,-66,7
-59,-75,-58,-60,-64,7
-65,-71,-65,-66,-64,7
-63,-100,-52,-57,-65,7
-63,-100,-47,-61,-51,7
-73,-84,-59,-64,-57,7
-56,-72,-56,-63,-51,7
-58,-69,-55,-64,-53,7
-65,-72,-62,-63,-54,7
-62,-79,-54,-63,-52,7
-66,-76,-54,-59,-52,7
-62,-77,-51,-64,-60,7
-59,-73,-53,-61,-62,7
-63,-76,-52,-62,-64,7
-100,-76,-48,-63,-70,7
-64,-73,-51,-59,-64,7
-61,-77,-50,-61,-65,7
-65,-73,-50,-61,-62,7
-67,-72,-54,-63,-53,7
-65,-69,-54,-59,-52,7
-63,-73,-54,-72,-52,7
-67,-74,-52,-67,-55,7
-70,-73,-55,-77,-48,7
-68,-70,-57,-76,-52,7
-71,-74,-48,-66,-53,7
-67,-100,-67,-60,-53,7
-67,-74,-64,-65,-48,7
-66,-70,-59,-71,-50,7
-63,-74,-66,-63,-51,7
-67,-100,-56,-55,-69,7
-62,-74,-55,-53,-61,7
-66,-75,-55,-55,-63,7
-60,-72,-57,-57,-52,7
-59,-70,-67,-57,-55,7
-59,-71,-61,-58,-51,7
-60,-72,-63,-55,-48,7
-66,-72,-61,-60,-52,7
-59,-79,-56,-69,-52,7
-100,-74,-51,-60,-65,7
-66,-74,-64,-60,-55,7
-62,-75,-60,-69,-65,7
-57,-78,-57,-62,-67,7
-54,-77,-53,-58,-67,7
-64,-100,-52,-53,-68,7
-55,-82,-56,-59,-70,7
-53,-74,-59,-59,-70,7
-100,-73,-53,-63,-61,7
-59,-75,-54,-57,-63,7
-61,-75,-56,-66,-64,7
-61,-74,-59,-60,-60,7
-50,-100,-55,-57,-54,7
-70,-72,-55,-66,-52,7
-71,-71,-53,-63,-49,7
-70,-70,-52,-65,-50,7
-60,-70,-56,-66,-57,7
-59,-69,-60,-100,-51,7
-66,-72,-60,-66,-53,7
-100,-71,-52,-63,-55,7
-66,-70,-58,-65,-49,7
-56,-71,-71,-60,-50,7
-60,-74,-49,-65,-47,7
-53,-100,-60,-61,-50,7
-53,-70,-66,-61,-49,7
-52,-73,-100,-66,-49,7
-55,-76,-57,-74,-51,7
-53,-74,-75,-64,-56,7
-54,-77,-71,-63,-49,7
-59,-73,-66,-61,-49,7
-64,-70,-67,-60,-50,7
-60,-74,-54,-61,-53,7
-60,-68,-55,-72,-50,7
-57,-74,-65,-52,-52,7
-100,-100,-52,-64,-50,7
-54,-78,-72,-69,-53,7
-54,-76,-56,-56,-53,7
-55,-76,-71,-56,-58,7
-64,-79,-57,-56,-58,7
-57,-78,-76,-56,-61,7
-60,-82,-62,-60,-60,7
-57,-81,-55,-55,-64,7
-67,-79,-56,-63,-63,7
-61,-100,-63,-54,-65,7
-68,-76,-57,-61,-54,7
-56,-74,-57,-53,-63,7
-66,-84,-56,-63,-66,7
-72,-75,-54,-71,-64,7
-63,-100,-50,-72,-61,7
-72,-79,-52,-58,-59,7
-62,-80,-60,-62,-62,7
-100,-85,-52,-63,-58,7
-68,-83,-58,-69,-63,7
-63,-100,-63,-62,-66,7
-62,-100,-63,-69,-61,7
-59,-74,-58,-63,-64,7
-61,-100,-58,-71,-51,7
-57,-74,-61,-67,-53,7
-57,-100,-66,-68,-54,7
-60,-78,-63,-71,-54,7
-56,-82,-60,-66,-54,7
-61,-83,-63,-69,-53,7
-58,-79,-65,-56,-52,7
-64,-82,-59,-59,-52,7
-62,-75,-59,-58,-55,7
-60,-78,-63,-60,-51,7
-65,-76,-62,-56,-52,7
-100,-100,-53,-63,-53,7
-63,-74,-58,-59,-62,7
-65,-80,-59,-56,-53,7
-59,-70,-60,-66,-53,7
-59,-73,-54,-59,-61,7
-64,-100,-55,-56,-64,7
-67,-75,-60,-62,-63,7
-64,-100,-56,-61,-66,7
-60,-79,-57,-70,-57,7
-58,-100,-60,-60,-62,7
-54,-80,-62,-75,-53,7
-59,-72,-54,-61,-53,7
-61,-75,-47,-64,-47,7
-69,-74,-62,-68,-53,7
-64,-73,-51,-59,-50,7
-59,-75,-50,-56,-56,7
-100,-75,-63,-61,-53,7
-59,-75,-50,-63,-53,7
-64,-100,-56,-56,-64,7
-62,-79,-51,-63,-55,7
-65,-75,-49,-67,-67,7
-63,-72,-47,-60,-68,7
-57,-73,-62,-60,-55,7
-58,-100,-52,-61,-55,7
-52,-73,-59,-63,-54,7
-57,-71,-49,-62,-57,7
-55,-70,-52,-59,-67,7
-59,-68,-56,-56,-52,7
-62,-72,-57,-59,-50,7
-54,-71,-60,-63,-49,7
-56,-71,-60,-60,-46,7
-58,-79,-56,-60,-50,7
-64,-76,-59,-63,-52,7
-67,-80,-63,-68,-50,7
-67,-70,-66,-59,-59,7
-70,-100,-65,-59,-54,7
-59,-84,-57,-59,-57,7
-66,-84,-68,-64,-59,7
-67,-100,-66,-70,-60,7
-70,-79,-53,-66,-60,7
-64,-76,-58,-62,-57,7
-58,-89,-56,-61,-54,7
-68,-80,-55,-61,-62,7
-67,-75,-52,-57,-62,7
-65,-76,-51,-64,-74,7
-63,-83,-55,-61,-65,7
-65,-80,-50,-69,-52,7
-57,-77,-56,-69,-51,7
-60,-81,-57,-68,-52,7
-55,-77,-56,-63,-52,7
-60,-85,-53,-68,-51,7
-56,-78,-52,-62,-52,7
-50,-73,-59,-70,-50,7
-50,-71,-70,-70,-52,7
-51,-77,-61,-73,-53,7
-59,-77,-60,-68,-46,7
-57,-68,-51,-59,-51,7
-57,-73,-54,-58,-56,7
-60,-73,-50,-59,-49,7
-72,-77,-55,-76,-66,7
-62,-78,-57,-70,-59,7
-68,-73,-68,-64,-60,7
-73,-75,-61,-66,-55,7
-63,-77,-61,-55,-56,7
-58,-100,-68,-64,-52,7
-63,-73,-53,-62,-48,7
-64,-100,-48,-57,-53,7
-61,-100,-56,-56,-65,7
-67,-100,-64,-57,-60,7
-62,-86,-57,-53,-56,7
-64,-82,-64,-53,-59,7
-67,-77,-62,-56,-58,7
-67,-76,-51,-58,-69,7
-65,-72,-53,-62,-56,7
-66,-72,-67,-59,-52,7
-64,-71,-57,-59,-54,7
-67,-82,-53,-56,-64,7
-66,-74,-61,-64,-52,7
-57,-74,-54,-59,-55,7
-67,-100,-70,-67,-60,7
-61,-75,-65,-58,-63,7
-67,-87,-66,-59,-67,7
-100,-81,-67,-54,-68,7
-66,-80,-66,-56,-69,7
-58,-79,-57,-66,-64,7
-70,-79,-53,-64,-61,7
-56,-77,-66,-56,-60,7
-56,-100,-65,-64,-57,7
-63,-71,-67,-68,-100,7
-65,-77,-55,-59,-57,7
-72,-73,-52,-55,-63,7
-59,-75,-49,-73,-57,7
-62,-75,-65,-65,-60,7
-52,-83,-69,-62,-69,7
-51,-76,-56,-66,-49,7
-49,-80,-61,-68,-53,7
-52,-71,-59,-61,-53,7
-58,-75,-56,-65,-53,7
-59,-70,-48,-68,-58,7
-100,-70,-51,-60,-52,7
-70,-73,-61,-66,-54,7
-62,-100,-64,-57,-55,7
-66,-80,-59,-100,-53,7
-66,-72,-56,-60,-60,7
-64,-75,-53,-63,-52,7
-61,-74,-52,-66,-49,7
-72,-82,-53,-62,-49,7
-64,-68,-53,-68,-53,7
-66,-74,-59,-61,-55,7
-63,-71,-47,-65,-50,7
-54,-71,-53,-66,-48,7
-66,-69,-63,-62,-48,7
-65,-74,-63,-68,-47,7
-63,-76,-62,-66,-49,7
-65,-74,-57,-58,-66,7
-72,-80,-58,-59,-51,7
-65,-100,-55,-64,-50,7
-62,-77,-57,-57,-49,7
-50,-100,-58,-55,-58,7
-54,-89,-54,-52,-53,7
-47,-75,-57,-58,-62,7
-54,-100,-56,-55,-60,7
-52,-70,-67,-70,-62,7
-51,-83,-52,-58,-66,7
-60,-80,-52,-63,-56,7
-59,-72,-57,-62,-60,7
-59,-88,-56,-56,-67,7
-100,-78,-55,-57,-51,7
-58,-77,-55,-55,-51,7
-52,-72,-54,-56,-56,7
-59,-73,-53,-61,-62,7
-100,-100,-54,-55,-54,7
-59,-78,-57,-67,-63,7
-64,-100,-57,-64,-66,7
-61,-79,-58,-57,-67,7
-67,-81,-54,-52,-58,7
-65,-75,-55,-62,-57,7
-58,-73,-60,-61,-53,7
-68,-74,-55,-67,-56,7
-64,-71,-54,-56,-63,7
-68,-72,-50,-58,-60,7
-61,-70,-51,-58,-55,7
-55,-72,-53,-65,-51,7
-58,-69,-54,-66,-49,7
-67,-73,-55,-58,-51,7
-70,-72,-65,-67,-54,7
-57,-77,-53,-67,-63,7
-51,-100,-55,-61,-60,7
-58,-80,-58,-63,-52,7
-56,-100,-66,-63,-52,7
-56,-100,-62,-62,-53,7
-55,-82,-74,-62,-58,7
-49,-83,-59,-57,-73,7
-74,-83,-59,-58,-52,7
-54,-79,-61,-67,-65,7
-67,-75,-65,-64,-69,7
-68,-76,-52,-69,-59,7
-72,-76,-61,-70,-54,7
-67,-74,-64,-64,-56,7
-64,-71,-54,-59,-54,7
-67,-73,-54,-68,-52,7
-61,-74,-61,-64,-62,7
-60,-73,-69,-64,-55,7
-63,-100,-62,-66,-58,7
-63,-100,-54,-62,-54,7
-62,-75,-52,-64,-59,7
-61,-72,-55,-54,-57,7
-67,-77,-58,-58,-52,7
-66,-73,-54,-67,-56,7
-61,-77,-50,-66,-53,7
-64,-76,-60,-62,-56,7
-59,-79,-49,-55,-61,7
-69,-74,-52,-64,-58,7
-61,-72,-52,-69,-57,7
-63,-70,-52,-69,-52,7
-61,-72,-60,-67,-48,7
-59,-69,-56,-65,-47,7
-61,-70,-50,-65,-51,7
-68,-71,-53,-63,-51,7
-69,-100,-52,-63,-50,7
-100,-74,-51,-65,-53,7
-67,-76,-55,-64,-54,7
-68,-59,-51,-64,-51,7
-72,-58,-54,-64,-52,7
-68,-100,-56,-65,-52,7
-100,-72,-57,-63,-52,7
-69,-71,-58,-63,-55,7
-70,-69,-68,-61,-52,7
-67,-71,-58,-63,-53,7
-69,-70,-59,-74,-53,7
-67,-71,-53,-64,-53,7
-100,-72,-59,-76,-53,7
-100,-72,-58,-62,-52,7
-69,-72,-55,-61,-51,7
-64,-71,-57,-63,-50,7
-67,-73,-60,-63,-51,7
-66,-70,-60,-63,-52,7
-64,-71,-56,-67,-52,7
-70,-71,-54,-63,-52,7
-65,-71,-54,-65,-51,7
-54,-70,-52,-56,-51,4
-54,-71,-54,-73,-53,4
-60,-73,-54,-60,-57,4
-59,-100,-54,-63,-61,4
-53,-71,-53,-54,-54,4
-65,-75,-60,-71,-51,4
-70,-78,-56,-71,-58,4
-66,-83,-63,-67,-55,4
-68,-78,-56,-72,-58,4
-63,-79,-60,-69,-49,4
-67,-83,-67,-65,-52,4
-100,-100,-66,-71,-52,4
-64,-100,-62,-73,-52,4
-66,-100,-65,-65,-51,4
-67,-85,-69,-62,-56,4
-72,-81,-77,-66,-49,4
-63,-100,-66,-69,-55,4
-66,-83,-59,-71,-51,4
-66,-75,-65,-64,-52,4
-61,-79,-58,-65,-52,4
-59,-77,-72,-62,-52,4
-67,-80,-63,-68,-56,4
-70,-75,-68,-63,-55,4
-65,-78,-65,-68,-52,4
-66,-80,-69,-73,-55,4
-66,-79,-70,-65,-58,4
-62,-72,-61,-79,-54,4
-67,-77,-63,-62,-61,4
-62,-78,-60,-65,-61,4
-73,-81,-53,-64,-58,4
-68,-81,-68,-61,-54,4
-61,-74,-53,-62,-52,4
-65,-82,-61,-69,-52,4
-64,-83,-75,-68,-63,4
-72,-75,-65,-64,-57,4
-69,-78,-65,-72,-67,4
-70,-78,-68,-66,-57,4
-68,-81,-62,-69,-59,4
-60,-80,-65,-67,-60,4
-64,-71,-59,-72,-55,4
-59,-67,-60,-71,-66,4
-60,-71,-56,-67,-66,4
-66,-75,-64,-63,-57,4
-61,-79,-61,-66,-55,4
-66,-75,-58,-69,-68,4
-73,-83,-67,-66,-66,4
-63,-74,-69,-65,-63,4
-58,-81,-54,-59,-63,4
-71,-78,-63,-69,-55,4
-62,-82,-76,-68,-62,4
-100,-81,-64,-66,-54,4
-67,-80,-58,-65,-59,4
-67,-83,-66,-70,-63,4
-60,-75,-55,-65,-54,4
-68,-74,-58,-68,-100,4
-59,-79,-56,-65,-59,4
-61,-79,-55,-65,-73,4
-74,-77,-57,-63,-59,4
-68,-76,-59,-70,-58,4
-66,-75,-65,-71,-60,4
-60,-75,-61,-69,-54,4
-63,-73,-66,-56,-58,4
-54,-74,-65,-72,-58,4
-58,-73,-58,-78,-62,4
-100,-78,-52,-65,-71,4
-58,-79,-69,-68,-52,4
-71,-81,-65,-63,-57,4
-55,-100,-62,-59,-50,4
-55,-82,-52,-54,-56,4
-68,-79,-70,-58,-59,4
-58,-78,-68,-55,-57,4
-53,-82,-69,-64,-69,4
-100,-100,-59,-61,-58,4
-55,-76,-58,-59,-62,4
-50,-100,-54,-53,-61,4
-59,-78,-55,-68,-52,4
-62,-77,-59,-66,-48,4
-61,-75,-64,-64,-49,4
-65,-79,-62,-73,-52,4
-67,-78,-68,-71,-49,4
-100,-75,-59,-68,-47,4
-59,-79,-57,-75,-52,4
-70,-78,-64,-72,-48,4
-67,-100,-63,-63,-47,4
-73,-100,-59,-69,-48,4
-68,-88,-63,-72,-52,4
-67,-81,-67,-71,-53,4
-61,-85,-65,-77,-51,4
-68,-100,-69,-69,-54,4
-51,-81,-57,-62,-52,4
-65,-81,-57,-68,-55,4
-100,-76,-53,-67,-68,4
-67,-100,-61,-68,-54,4
-56,-77,-58,-57,-59,4
-67,-75,-65,-55,-64,4
-54,-79,-59,-60,-62,4
-53,-78,-56,-59,-59,4
-49,-82,-57,-56,-64,4
-52,-83,-61,-56,-62,4
-54,-82,-55,-56,-62,4
-54,-83,-66,-77,-66,4
-56,-80,-62,-63,-53,4
-63,-82,-53,-74,-63,4
-67,-100,-58,-57,-56,4
-51,-78,-53,-63,-56,4
-55,-79,-59,-57,-67,4
-51,-78,-60,-57,-71,4
-57,-71,-60,-65,-69,4
-60,-80,-61,-64,-68,4
-52,-78,-62,-63,-59,4
-65,-75,-63,-69,-57,4
-100,-78,-59,-81,-50,4
-68,-77,-59,-70,-54,4
-60,-76,-71,-68,-51,4
-66,-78,-74,-68,-45,4
-64,-78,-58,-70,-46,4
-62,-76,-64,-55,-48,4
-63,-78,-59,-77,-65,4
-57,-75,-64,-61,-50,4
-52,-71,-54,-66,-56,4
-61,-73,-60,-60,-67,4
-70,-77,-58,-69,-51,4
-63,-100,-68,-70,-55,4
-53,-73,-55,-69,-62,4
-61,-74,-60,-68,-57,4
-100,-83,-73,-69,-58,4
-60,-100,-67,-69,-67,4
-68,-100,-66,-68,-67,4
-66,-81,-63,-70,-52,4
-65,-80,-74,-77,-62,4
-76,-76,-63,-65,-58,4
-67,-76,-75,-69,-57,4
-71,-75,-67,-69,-62,4
-61,-76,-58,-68,-58,4
-68,-80,-68,-68,-68,4
-61,-100,-68,-66,-100,4
-66,-100,-58,-57,-54,4
-65,-84,-66,-64,-58,4
-57,-100,-69,-75,-67,4
-64,-76,-67,-61,-62,4
-58,-100,-65,-59,-64,4
-61,-80,-64,-58,-59,4
-59,-79,-68,-64,-67,4
-60,-100,-68,-58,-58,4
-70,-82,-66,-57,-57,4
-64,-83,-65,-60,-57,4
-63,-100,-62,-68,-100,4
-63,-82,-57,-67,-58,4
-67,-76,-67,-69,-64,4
-63,-76,-65,-63,-69,4
-75,-78,-64,-68,-66,4
-72,-75,-67,-64,-68,4
-77,-78,-61,-68,-61,4
-100,-100,-67,-71,-71,4
-100,-81,-74,-66,-64,4
-70,-82,-61,-67,-74,4
-67,-80,-65,-73,-61,4
-68,-81,-66,-70,-67,4
-73,-100,-64,-70,-64,4
-70,-100,-61,-63,-68,4
-72,-77,-67,-69,-67,4
-66,-82,-68,-74,-68,4
-74,-86,-69,-76,-72,4
-72,-89,-66,-75,-65,4
-62,-100,-67,-71,-61,4
-100,-90,-72,-67,-68,4
-73,-86,-66,-81,-68,4
-66,-88,-100,-67,-67,4
-67,-83,-65,-70,-65,4
-61,-85,-63,-69,-67,4
-67,-100,-72,-68,-70,4
-67,-100,-66,-62,-70,4
-66,-84,-68,-71,-66,4
-100,-91,-68,-68,-63,4
-71,-86,-76,-74,-65,4
-72,-100,-65,-71,-64,4
-69,-88,-67,-70,-56,4
-65,-85,-70,-72,-57,4
-67,-84,-65,-71,-57,4
-70,-100,-76,-73,-59,4
-62,-100,-67,-69,-59,4
-69,-81,-74,-66,-60,4
-67,-77,-72,-65,-57,4
-63,-82,-63,-62,-53,4
-68,-100,-62,-63,-55,4
-67,-83,-74,-60,-65,4
-61,-100,-68,-66,-66,4
-71,-82,-73,-66,-57,4
-62,-85,-68,-55,-55,4
-64,-78,-67,-59,-59,4
-65,-80,-70,-66,-51,4
-64,-77,-59,-69,-51,4
-66,-71,-65,-73,-58,4
-64,-73,-65,-67,-58,4
-63,-78,-57,-70,-59,4
-70,-83,-61,-69,-61,4
-65,-84,-66,-63,-59,4
-59,-84,-58,-57,-58,4
-56,-79,-61,-57,-57,4
-68,-81,-69,-60,-60,4
-65,-84,-65,-56,-68,4
-57,-100,-66,-62,-59,4
-69,-86,-59,-62,-57,4
-65,-86,-68,-62,-55,4
-100,-84,-67,-66,-61,4
-65,-86,-68,-61,-53,4
-58,-100,-67,-66,-54,4
-56,-100,-60,-60,-52,4
-61,-85,-63,-69,-56,4
-59,-77,-58,-64,-57,4
-63,-76,-57,-68,-51,4
-67,-84,-54,-62,-52,4
-63,-83,-61,-63,-58,4
-66,-80,-60,-68,-51,4
-65,-100,-59,-62,-51,4
-60,-80,-56,-62,-49,4
-59,-87,-56,-69,-53,4
-59,-84,-62,-67,-49,4
-100,-86,-63,-69,-53,4
-64,-100,-61,-64,-59,4
-52,-81,-68,-72,-59,4
-58,-84,-67,-64,-51,4
-65,-78,-69,-64,-50,4
-61,-87,-58,-63,-51,4
-74,-80,-65,-67,-53,4
-68,-86,-100,-63,-61,4
-68,-100,-53,-62,-54,4
-67,-87,-56,-67,-53,4
-65,-81,-68,-69,-50,4
-64,-80,-63,-63,-54,4
-73,-79,-65,-65,-50,4
-61,-86,-58,-73,-52,4
-71,-100,-61,-62,-52,4
-64,-83,-65,-71,-53,4
-61,-77,-54,-64,-100,4
-60,-72,-62,-54,-63,4
-60,-72,-57,-62,-53,4
-100,-84,-70,-62,-62,4
-62,-100,-67,-59,-53,4
-60,-81,-61,-61,-54,4
-61,-87,-68,-65,-52,4
-58,-83,-66,-66,-49,4
-66,-100,-65,-60,-60,4
-60,-84,-66,-63,-53,4
-67,-76,-63,-62,-47,4
-65,-80,-66,-64,-54,4
-100,-84,-59,-60,-60,4
-67,-87,-61,-65,-60,4
-69,-87,-60,-63,-63,4
-62,-100,-54,-60,-51,4
-71,-83,-61,-69,-55,4
-60,-85,-59,-56,-50,4
-55,-84,-61,-66,-56,4
-58,-83,-58,-61,-49,4
-61,-85,-57,-58,-51,4
-56,-73,-65,-65,-55,4
-63,-100,-57,-66,-52,4
-65,-82,-65,-69,-52,4
-64,-100,-68,-64,-58,4
-62,-100,-66,-66,-55,4
-62,-88,-53,-76,-54,4
-59,-100,-65,-64,-60,4
-62,-100,-57,-69,-53,4
-69,-81,-64,-66,-52,4
-60,-81,-65,-61,-52,4
-65,-83,-62,-69,-55,4
-60,-86,-62,-63,-56,4
-66,-100,-65,-65,-65,4
-57,-80,-60,-68,-56,4
-65,-84,-57,-76,-59,4
-100,-100,-62,-68,-62,4
-68,-81,-55,-66,-54,4
-71,-76,-56,-70,-53,4
-65,-79,-58,-76,-55,4
-61,-87,-59,-69,-54,4
-69,-85,-57,-64,-55,4
-71,-77,-61,-70,-60,4
-67,-85,-61,-73,-62,4
-66,-85,-60,-69,-62,4
-68,-86,-57,-68,-59,4
-67,-85,-60,-70,-56,4
-67,-88,-59,-71,-60,4
-65,-84,-62,-63,-55,4
-58,-82,-68,-61,-66,4
-61,-86,-71,-64,-55,4
-100,-89,-67,-64,-57,4
-67,-86,-66,-78,-56,4
-63,-83,-68,-67,-58,4
-60,-79,-62,-55,-62,4
-58,-100,-65,-69,-67,4
-58,-100,-61,-59,-100,4
-100,-100,-68,-66,-67,4
-61,-100,-62,-100,-63,4
-57,-84,-69,-70,-68,4
-62,-82,-68,-72,-100,4
-68,-83,-65,-58,-61,4
-58,-82,-66,-67,-60,4
-67,-100,-62,-63,-61,4
-66,-85,-62,-69,-56,4
-63,-100,-68,-68,-66,4
