-86,-76,-85,-63,0,-90,0,0,1
-86,-83,-87,-65,0,0,0,0,1
-89,-72,-86,-65,0,0,0,0,1
-90,-76,-90,-70,0,0,0,0,1
-90,-75,-90,-65,0,-90,0,0,1
-90,-76,0,-64,0,0,0,0,1
-87,-74,-86,-66,0,-92,0,0,1
-84,-75,-84,-65,0,0,0,0,1
-79,-78,-90,-59,0,-91,0,0,1
-87,-69,-88,-53,-90,-92,0,0,1
-78,-72,-86,-56,-88,-91,0,0,1
-87,-65,-90,-57,0,-86,0,0,1
-87,-75,-89,-54,0,-88,0,0,1
-82,-67,-91,-49,0,-79,0,0,1
-85,-72,-87,-51,0,-81,0,0,1
-84,-73,-92,-52,0,-81,0,0,1
-92,-69,-92,-37,0,-78,0,0,1
0,-79,0,-33,0,0,0,0,1
0,-74,0,-26,0,0,0,0,1
-87,-76,0,-13,0,-91,0,0,1
-88,-77,0,-20,0,-92,0,0,1
-93,-74,0,-17,0,-92,0,0,1
-83,-67,0,-18,0,-73,0,0,1
-82,-67,0,-38,0,-75,0,0,1
-76,-69,0,-52,0,-74,0,0,1
-84,-63,0,-49,0,-75,0,0,1
-89,-64,0,-45,0,-84,0,0,1
-93,-70,0,-48,0,-83,0,0,1
-78,-62,0,-46,0,-85,0,0,1
-88,-67,-87,-58,0,-85,0,0,1
-73,-71,0,-57,-89,-85,0,0,1
-84,-77,-88,-56,0,-88,0,0,1
-86,-63,-90,-65,0,-84,0,0,1
-82,-65,-94,-52,0,-86,0,0,1
-81,-64,-88,-50,0,-88,0,0,1
-79,-66,-91,-47,0,-83,0,0,1
-82,-79,-90,-51,0,-88,0,0,1
-88,-73,-93,-53,0,-89,0,0,1
-90,-72,0,-62,0,-90,0,0,1
-93,-70,-90,-56,0,-92,0,0,1
-92,-70,0,-57,0,-89,0,0,1
0,-74,0,-48,0,-85,0,0,1
-86,-69,0,-49,0,-87,0,0,1
-85,0,0,-46,0,0,0,0,1
-87,-67,-92,-50,0,-85,0,0,1
-87,-73,0,-53,0,-85,0,0,1
-92,-68,-86,-48,0,-91,0,0,1
-83,-62,-89,-36,0,-86,0,0,1
-87,-73,0,-35,0,-77,0,0,1
-88,-74,0,-41,0,-89,0,0,1
-78,-68,0,-45,0,-87,0,0,1
-74,-76,-88,-64,0,-94,0,0,1
-84,-64,-91,-58,0,-92,0,0,1
-79,-66,0,-55,0,-90,0,0,1
-82,-68,-84,-53,0,0,0,0,1
-85,-77,-87,-53,0,-95,0,0,1
-81,-74,-77,-66,0,-91,0,0,1
-88,-79,-79,-67,0,-91,0,0,1
-91,-81,-76,-62,0,-90,0,0,1
-89,-83,-90,-58,0,-89,0,0,1
-86,-81,-76,-46,0,-90,0,0,1
-86,-79,-82,-54,-90,-87,0,0,1
-89,-72,-89,-48,0,-91,0,0,1
-89,-64,-90,-60,0,-89,0,0,1
-75,-63,-83,-49,0,-83,0,0,1
-76,-67,-88,-50,0,-84,0,0,1
-77,-61,0,-52,0,-83,0,0,1
-76,-66,-85,-53,0,-88,0,0,1
-82,-76,0,-47,0,-89,0,0,1
-92,-66,0,-38,0,-86,0,0,1
0,-66,0,-32,0,-80,0,0,1
-88,-73,0,-28,0,-82,0,0,1
0,-64,0,-29,0,-87,0,0,1
-90,-65,0,-34,0,-86,0,0,1
-87,-65,0,-33,0,-82,0,0,1
0,-64,0,-29,0,-84,0,0,1
0,-65,0,-30,0,-86,0,0,1
0,-65,0,-31,0,-85,0,0,1
0,-68,0,-30,0,-84,0,0,1
-91,-69,0,-33,0,0,0,0,1
-92,-64,-91,-31,0,-81,0,0,1
0,-67,0,-32,0,-82,0,0,1
-90,-64,0,-31,0,-86,0,0,1
0,-64,0,-31,0,-84,0,0,1
0,-64,0,-33,0,-84,0,0,1
0,-64,0,-30,0,-82,0,0,1
-95,-64,0,-31,0,-83,0,0,1
0,-64,0,-32,0,-82,0,0,1
-90,-64,0,-31,0,-83,0,0,1
0,-65,0,-29,0,-83,0,0,1
-88,-64,0,-30,0,-82,0,0,1
-91,-69,0,-30,0,-84,0,0,1
-92,-63,-90,-29,0,-82,0,0,1
-92,-81,0,-43,0,-89,0,0,1
0,-71,0,-57,0,-76,0,0,1
-84,-70,0,-41,0,-78,0,0,1
0,-79,0,-44,0,-77,0,0,1
0,-68,0,-49,0,-78,0,0,1
-93,-65,0,-46,0,-80,0,0,1
-92,-69,0,-43,0,-74,0,0,1
-84,-68,0,-55,0,-75,0,0,1
0,-76,0,-42,0,-75,0,0,1
-88,-76,0,-43,0,-73,0,0,1
-89,-74,0,-50,0,-75,0,0,1
0,-71,0,-49,0,-76,0,0,1
-84,-76,0,-46,0,-74,0,0,1
-86,-80,0,-50,0,-76,0,0,1
-89,-82,0,-49,0,-78,0,0,1
-91,-88,0,-48,0,-75,0,0,1
-89,-76,0,-45,0,-76,0,0,1
-82,-68,0,-42,0,-79,0,0,1
-85,-70,-92,-41,0,-82,0,0,1
-91,-77,0,-39,0,-80,0,0,1
-86,-78,0,-45,0,-81,0,0,1
0,-73,0,-48,0,-76,0,0,1
-90,-71,0,-45,0,-79,0,0,1
0,-75,0,-46,0,-73,0,0,1
-86,-73,0,-48,0,-78,0,0,1
-86,-72,0,-48,0,-77,0,0,1
-88,-76,0,-50,0,-76,0,0,1
-89,-72,0,-47,0,-75,0,0,1
-91,-59,0,-35,0,-80,0,0,1
0,-68,-91,-35,0,-81,0,0,1
-90,-62,0,-39,0,-84,0,0,1
-91,-60,0,-38,0,-97,0,0,1
-93,-61,-91,-37,0,-89,0,0,1
-88,-60,0,-36,0,-86,0,0,1
-86,-58,-90,-38,0,-83,0,0,1
-87,-61,-90,-38,0,-84,0,0,1
-82,-66,0,-50,0,-74,0,0,1
-93,-70,0,-54,0,-80,0,0,1
0,-75,0,-48,0,-82,0,0,1
-85,-69,0,-49,0,-74,0,0,1
-87,-63,0,-62,0,-76,0,0,1
0,-59,0,-57,0,-86,0,0,1
0,-66,0,-50,0,-81,0,0,1
-78,-82,0,-39,0,-78,0,0,1
-84,-68,0,-53,0,-78,0,0,1
-82,-76,-91,-56,0,-83,0,0,1
-82,-63,0,-55,0,-90,0,0,1
-83,-66,-88,-54,0,-88,0,0,1
-84,-77,-87,-53,0,-86,0,0,1
-88,-74,-87,-61,0,-90,0,0,1
-91,-84,-91,-60,0,-90,0,0,1
-90,-81,-83,-53,0,0,0,0,1
-78,-78,0,-55,0,-91,0,0,1
-84,-85,-71,-49,-91,-90,0,0,1
-90,-82,-87,-62,0,-93,0,0,1
-92,-79,-83,-52,0,-85,0,0,1
-86,-83,-88,-52,0,-88,0,0,1
0,-74,-89,-52,0,-91,0,0,1
-83,-82,-77,-53,0,-90,0,0,1
-89,-76,-87,-62,0,-90,0,0,1
-87,-80,-88,-50,0,-89,0,0,1
-86,-77,-84,-53,0,-86,0,0,1
0,-81,-82,-60,0,-93,0,0,1
0,-73,-88,-58,0,-87,0,0,1
-90,-74,0,-50,0,-89,0,0,1
-82,-70,-90,-51,-89,0,0,0,1
-84,-73,-87,-66,-87,-88,0,0,1
-77,-67,-90,-56,-91,-87,0,0,1
-89,-82,-83,-54,0,-90,0,0,1
-94,-77,-82,-53,0,-91,0,0,1
-89,-80,-72,-56,0,-92,0,0,1
-91,-68,-81,-58,0,-88,0,0,1
-90,-88,-85,-64,0,-91,0,0,1
-88,-81,-86,-51,0,-91,0,0,1
-89,-67,0,-53,0,-92,0,0,1
0,-85,-90,-63,0,-87,0,0,1
-84,-80,-86,-59,0,-89,0,0,1
0,-76,-85,-51,0,-89,0,0,1
0,-77,-87,-55,-90,-88,0,0,1
-89,-72,-85,-53,0,-86,0,0,1
-92,-84,-87,-53,0,-93,0,0,1
0,-70,-85,-55,0,-86,0,0,1
-91,-79,-85,-57,0,-90,0,0,1
0,-75,-89,-57,0,-89,0,0,1
-89,-85,-85,-55,0,-90,0,0,1
-79,-78,-84,-54,0,-90,0,0,1
-88,-84,0,-57,-94,-90,0,0,1
-90,-79,0,-55,-90,-90,0,0,1
-93,-80,0,-60,0,-92,0,0,1
-90,-74,-88,-71,0,-93,0,0,1
-81,-86,0,-62,-91,-86,0,0,1
0,-82,-95,-58,-90,-89,0,0,1
0,-83,-86,-49,-89,-87,0,0,1
0,-72,-90,-62,0,-88,0,0,1
-92,-70,-86,-51,-90,-86,0,0,1
-88,-81,-84,-58,0,-90,0,0,1
0,-71,-84,-60,-91,-94,0,0,1
-90,-70,-86,-71,-93,-94,0,0,1
0,-72,-84,-58,-88,-90,0,0,1
-89,-76,0,-70,0,-89,0,0,1
0,-78,-91,-54,-87,-90,0,0,1
-89,-72,-92,-53,-88,-92,0,0,1
-85,-77,-89,-68,0,-85,0,0,1
-83,-71,-87,-63,0,-94,0,0,1
-90,-79,-85,-53,-92,-88,0,0,1
-85,-84,-91,-50,0,-86,0,0,1
-90,-68,-82,-53,0,0,0,0,1
-47,-94,0,-83,-59,-74,0,-85,3
-65,-88,0,-90,0,-77,0,-75,3
-50,-93,0,-82,-68,-82,0,-78,3
-51,0,-83,-90,0,-84,0,-73,3
-51,0,-84,-84,-64,-81,0,-75,3
-61,0,-89,-92,-63,-93,0,0,3
-48,0,-91,0,-63,-93,0,-79,3
-54,-93,-90,-89,-62,-78,0,-88,3
-50,0,0,-85,0,-79,0,-86,3
-49,-92,-83,-91,-66,-74,0,-85,3
-49,0,-87,0,-64,-74,0,0,3
-51,-94,0,-93,-68,-76,0,-85,3
-47,-94,-84,-87,-74,-79,0,-82,3
-50,-92,-84,-90,-72,-86,0,-85,3
-61,0,-79,-85,-59,-86,0,-80,3
-52,0,-84,0,-62,-83,0,-80,3
-58,0,-85,-89,-60,-84,0,-82,3
-53,0,0,-88,-58,-92,0,-76,3
-53,0,-87,0,-73,-79,0,-76,3
-45,0,-89,-87,-66,-84,0,-82,3
-42,0,-84,0,-78,-81,0,-75,3
-51,0,-79,-90,-77,-88,0,-81,3
-51,0,-82,-88,-72,-87,0,-79,3
-52,0,-85,-89,-65,0,0,-82,3
-53,0,-80,-91,-74,-77,0,0,3
-59,-91,-87,0,-83,-89,0,-84,3
-67,-93,-85,-88,-74,-85,0,0,3
-54,-93,-92,-86,-83,-90,0,-87,3
-52,0,-92,-85,-77,-85,0,-82,3
-49,0,-86,-87,-74,-86,0,-74,3
-53,0,-86,-92,-83,-91,0,-86,3
-47,0,0,-82,-81,0,0,-81,3
-45,-92,-91,-85,-82,-85,0,-82,3
-47,0,-90,-82,-69,-80,0,0,3
0,0,-89,-89,-78,-81,0,0,3
-52,-92,0,-91,-70,-81,0,-91,3
-52,-87,-91,-83,-77,-78,0,-90,3
-66,-89,-87,-82,-78,-95,0,-85,3
-56,0,-91,-85,-83,-79,0,0,3
-57,0,0,-86,-77,-89,0,0,3
-51,0,-90,-85,-71,-86,0,0,3
-51,-91,-91,-80,0,-85,0,-85,3
-59,-82,-83,-85,-75,-72,0,-89,3
-48,0,-92,-77,-66,-88,0,-90,3
-52,0,0,-84,-76,0,0,-78,3
-48,-93,0,-93,-72,-77,0,-84,3
-67,0,-87,-80,-75,-81,0,-89,3
-61,0,-79,-85,-73,-84,0,-82,3
-54,-95,-87,-87,-73,-90,0,-82,3
-49,-95,-78,-81,-69,-86,0,0,3
-61,-90,-87,-78,-71,-79,0,-84,3
-48,-88,-85,-82,-78,-78,0,-81,3
-64,-89,-86,-84,-74,-85,0,-79,3
-56,0,-90,-85,-77,-85,0,-85,3
-55,-91,-87,-77,-81,-82,0,-81,3
-56,-92,-89,-84,-81,-85,0,-80,3
-55,-93,-89,-85,-74,-85,0,-84,3
-56,-91,-89,-79,-73,-83,0,-81,3
-63,-91,-88,-80,-84,-83,0,-75,3
-44,0,-88,-89,-70,-91,0,-86,3
-48,-94,-85,-87,-70,-85,0,-77,3
-56,0,-85,-80,-78,-82,0,-85,3
-66,-90,-83,-83,-79,-80,0,-76,3
-56,-91,-85,-79,-77,-77,0,-82,3
-57,-94,-92,-86,-70,-78,0,-85,3
-53,-87,-84,-90,-78,-80,0,-80,3
-62,-87,-90,-78,-81,-81,0,-85,3
-51,-90,-89,-80,-77,-87,0,-81,3
-50,-93,-89,-90,-65,-87,0,-90,3
-51,0,-88,-82,-79,-85,0,-89,3
-52,0,0,-85,0,-86,0,-89,3
-50,0,-89,-86,-67,-88,0,-87,3
-54,-91,-84,-88,-73,-79,0,-81,3
-55,-88,0,-85,-77,-77,0,0,3
-50,-94,-89,-83,-74,-91,0,-82,3
-61,-91,-83,-91,-67,-89,0,-82,3
-53,0,0,-92,-74,0,0,-83,3
-46,0,-90,-85,-82,-90,0,-79,3
-48,0,-84,-89,-65,-85,0,-87,3
-67,-91,0,-92,-76,-76,0,-86,3
-50,0,-87,-87,-70,-76,0,-83,3
-55,-90,-91,-84,-80,-79,0,-92,3
-64,-89,-89,-82,-73,-79,0,-83,3
-54,-90,-91,-86,-78,-76,0,-86,3
-65,-90,0,-83,0,-81,0,-86,3
-50,0,-89,-77,-82,-85,0,-91,3
-46,0,-87,-91,-72,-86,0,-90,3
-58,-87,-79,-89,-77,-76,0,-89,3
-46,-92,-86,-86,-70,-81,0,-90,3
-51,-93,-82,-90,-74,-78,0,-81,3
-47,-89,-82,-79,-67,-87,0,0,3
-50,-92,-90,-84,-75,-72,0,-86,3
-58,-93,0,-89,-69,-75,0,-93,3
-49,-85,-86,-81,-78,-72,0,-87,3
-49,-94,-85,-84,-77,-75,0,-84,3
-57,-92,-84,-84,-78,-79,0,-87,3
-56,-86,-82,-84,-80,-82,0,-84,3
-55,-88,-86,-84,-74,-77,0,-89,3
-68,-89,-89,-82,-81,-77,0,0,3
-49,0,-90,-88,-77,-80,0,-89,3
-49,-92,-84,-81,-66,-87,0,-82,3
-46,0,-83,-90,-76,-80,0,-87,3
-53,-93,-83,-89,-80,-77,0,-84,3
-70,-91,-89,-83,-75,-84,0,-82,3
-57,-90,-90,-91,-70,-84,0,-92,3
-51,0,-88,-82,-74,-83,0,-82,3
-61,-85,-85,-86,-76,-77,0,-90,3
-56,-85,-88,-80,-79,-78,0,-88,3
-53,-93,-86,-91,-75,-78,0,0,3
-51,-97,-93,-95,-77,-88,0,-82,3
-50,0,-77,-86,-72,-82,0,-86,3
-46,0,0,-90,-76,-89,0,-78,3
-56,-95,-80,-87,-61,-71,0,-82,3
-57,-91,-87,-90,-88,-79,0,-85,3
-57,-86,-89,-81,-79,-76,0,-79,3
-48,0,-88,-84,-72,-89,0,-85,3
-39,0,-79,-81,-76,-84,0,-82,3
-41,0,-82,-86,-80,-90,0,-81,3
-51,0,-83,-89,-75,-85,0,-80,3
-41,0,-87,-90,-64,0,0,-72,3
-42,0,-85,-83,-69,-85,0,-75,3
-52,0,-82,-81,0,-81,0,-74,3
-45,0,-81,-81,0,-84,0,-77,3
-48,0,-87,-90,-73,-84,0,-77,3
-43,0,-86,-94,0,-86,0,-76,3
-62,-91,0,-92,-57,-86,0,-80,3
-51,-96,-84,-89,-70,-87,0,-81,3
-50,-94,-84,-88,-84,-85,0,-83,3
-47,-93,-92,-83,-81,-77,0,-83,3
-45,-94,-82,-89,-72,-83,0,-83,3
-53,0,-81,-88,0,-89,0,-80,3
-53,-92,-85,-82,-72,-82,0,-84,3
-55,0,-86,-80,-73,-87,0,-79,3
-48,0,0,-83,-72,-73,0,-83,3
-53,0,-74,-85,0,-76,0,-86,3
0,-93,-89,-90,-78,-81,0,-81,3
-68,-95,-82,-83,-81,-74,0,-87,3
-60,-91,-86,-85,-76,-81,0,0,3
-47,-90,-91,-82,-77,-88,0,-89,3
-50,-92,-90,-84,-76,-76,0,-86,3
-51,-91,-89,-82,-83,-74,0,-81,3
-56,0,-79,-84,-74,-79,0,-85,3
-70,0,-83,-83,-77,-78,0,0,3
-55,-93,-82,-83,-75,-78,0,-91,3
-60,-91,-84,-83,-76,-84,0,-88,3
-56,-86,-86,-81,-79,-80,0,-81,3
-73,-96,0,-75,0,-85,0,0,3
-50,-91,-89,-82,-78,-77,0,0,3
-51,0,-85,-84,-84,-76,0,-88,3
-53,-93,-86,-84,-84,-78,0,-83,3
-63,-95,-86,-79,-69,-72,0,-80,3
-52,-95,-83,-84,-80,-73,0,-83,3
-58,0,-84,-83,0,-73,0,0,3
-64,-94,-85,-83,-73,-78,0,-90,3
-50,-90,-90,-84,-78,-89,0,-85,3
-59,0,-83,-90,-71,-83,0,-84,3
-54,-91,-87,-85,-69,-74,0,0,3
-45,0,-89,-89,-73,-73,0,-89,3
-44,0,-88,-82,-64,-78,0,-79,3
-53,-96,0,-92,-59,-80,0,-82,3
-65,-92,-89,-83,-75,-82,0,-89,3
-52,-90,-87,-87,-78,-86,0,-77,3
-64,-94,-85,-84,-79,-88,0,-87,3
-66,0,-86,-92,-77,-84,0,-88,3
-72,-93,0,-90,0,-81,0,-89,3
-54,0,0,-89,-80,-81,0,-83,3
-59,0,-89,-80,-76,-84,0,0,3
-54,-93,-86,-83,-80,-83,0,0,3
-54,-93,-90,-82,-77,-84,0,-86,3
-61,-91,-85,-85,-81,-84,0,0,3
-66,0,-86,-83,-76,-86,0,-87,3
-53,-90,0,-82,-83,-86,0,0,3
-58,-92,-86,-80,-84,-80,0,0,3
-51,0,-85,-82,-86,-84,0,-93,3
-59,-87,-83,-77,-89,-77,0,0,3
-69,-87,-83,-81,-79,-78,0,0,3
-62,-94,-86,-83,-88,-84,0,0,3
-49,0,-90,-81,-85,-83,0,-85,3
-58,-94,-92,-82,-79,-87,0,0,3
-60,0,-88,-77,-84,-89,0,-92,3
-67,0,-83,-90,-78,-88,0,-90,3
-44,-94,-90,-87,-70,-82,0,0,3
-63,0,-85,-89,-81,-81,0,-84,3
-68,-91,-91,-88,-85,-80,0,-91,3
-78,0,-81,-89,-85,-86,0,0,3
-49,-96,-89,-83,-77,-86,0,-72,3
-56,0,-87,-82,-84,-88,0,-72,3
-61,0,-88,-91,-87,-74,0,-88,3
-59,-90,-90,-88,-81,-75,0,-82,3
-51,-84,-85,-87,0,-73,0,-76,3
-49,0,-80,-83,-69,-77,0,-75,3
-63,0,-86,-87,-81,-79,0,-84,3
-59,-91,-88,-86,-73,-82,0,0,3
-66,-87,-84,-77,-79,-81,0,-77,3
-81,0,0,0,0,0,0,-43,7
-82,0,0,0,0,-87,0,-43,7
-70,0,0,0,0,-91,0,-31,7
-89,0,0,0,0,0,0,-33,7
-85,0,0,0,0,0,0,-48,7
-85,0,0,0,0,-95,0,-43,7
-84,0,0,0,0,0,0,-43,7
-83,0,0,0,0,0,0,-38,7
-67,0,0,0,0,-90,0,-42,7
-71,0,0,0,0,-94,0,-46,7
-63,0,0,0,0,-85,0,-39,7
-65,0,0,0,0,-92,0,-41,7
-88,0,0,0,0,-93,0,-46,7
-74,0,0,0,0,-94,0,-43,7
-79,0,0,0,0,-90,0,-41,7
-75,0,0,0,0,-94,0,-44,7
-75,0,0,0,0,-93,0,-47,7
-79,0,0,0,0,0,0,-53,7
-75,0,0,0,0,0,0,-51,7
-83,0,0,0,0,0,0,-54,7
-83,0,0,0,0,-94,0,-49,7
-79,0,0,0,0,0,0,-57,7
-73,0,0,0,0,0,0,-43,7
-73,0,0,0,0,-90,0,-43,7
-86,0,0,0,0,0,0,-43,7
-76,0,0,0,0,0,0,-48,7
-71,0,0,0,0,-89,0,-45,7
-73,0,0,0,0,-90,0,-38,7
-74,0,0,0,0,-84,0,-46,7
-73,0,0,0,0,-95,0,-42,7
-75,0,0,0,0,-86,0,-48,7
-79,0,0,0,0,0,0,-44,7
-84,0,0,0,0,0,0,-49,7
-77,0,0,0,0,0,0,-46,7
-76,0,0,0,0,0,0,-42,7
-78,0,0,0,0,0,0,-47,7
-85,0,0,0,0,0,0,-38,7
-82,0,0,0,0,0,0,-49,7
-83,0,0,0,0,0,0,-55,7
-78,0,0,0,0,0,0,-49,7
-82,0,0,0,0,-92,0,-50,7
-80,0,0,0,0,0,0,-55,7
-77,0,0,0,0,-87,0,-31,7
-87,0,0,0,0,-95,0,-33,7
-78,0,0,0,0,0,0,-28,7
-81,0,0,0,0,0,0,-31,7
-73,0,0,0,0,-94,0,-33,7
-78,0,0,0,0,0,0,-32,7
-74,0,0,0,0,-91,0,-29,7
-73,0,0,0,0,-91,0,-32,7
-79,0,0,0,0,0,0,-34,7
-87,0,0,0,0,0,0,-39,7
-84,0,0,0,0,0,0,-47,7
-74,0,0,0,0,0,0,-46,7
-78,0,0,0,0,0,0,-46,7
-74,0,0,0,0,0,0,-54,7
-86,0,0,0,0,-94,0,-40,7
-77,0,0,0,0,-89,0,-46,7
-81,0,0,0,0,-88,0,-46,7
-75,0,0,0,0,-89,0,-39,7
-85,0,0,0,0,-90,0,-39,7
-77,0,0,0,0,0,0,-41,7
-73,0,0,0,0,-87,0,-41,7
-75,0,0,0,0,-89,0,-38,7
-75,0,0,0,0,-92,0,-38,7
-84,0,0,0,0,0,0,-35,7
-80,0,0,0,0,0,0,-38,7
-82,0,0,0,0,0,0,-38,7
-85,0,0,0,0,0,0,-40,7
-88,0,0,0,0,-89,0,-40,7
-80,0,0,0,0,-91,0,-38,7
-85,0,0,0,0,-93,0,-41,7
-75,0,0,0,0,0,0,-35,7
-73,0,0,0,0,-91,0,-48,7
-78,0,0,0,0,-93,0,-39,7
-70,0,0,0,0,0,0,-35,7
-90,0,0,0,0,0,0,-43,7
-78,0,0,0,0,-82,0,-45,7
-81,0,0,0,0,-82,0,-47,7
-84,0,0,0,0,-81,0,-45,7
-72,0,0,0,0,-86,0,-50,7
-69,0,0,0,0,-92,0,-40,7
-68,0,0,0,0,-93,0,-41,7
-67,0,0,0,0,-94,0,-42,7
-67,0,0,0,0,0,0,-41,7
-67,0,0,0,0,-88,0,-45,7
-74,0,0,0,0,-93,0,-36,7
-82,0,0,0,0,0,0,-36,7
-88,0,0,0,0,0,0,-34,7
-78,0,0,0,0,0,0,-37,7
-80,0,0,0,0,0,0,-40,7
-81,0,0,0,0,0,0,-38,7
-88,0,0,0,0,0,0,-39,7
-76,0,0,0,0,-90,0,-45,7
-84,0,0,0,0,0,0,-43,7
-93,0,0,0,0,0,0,-37,7
-73,0,0,0,0,-90,0,-38,7
-81,0,0,0,0,-96,0,-37,7
-77,0,0,0,0,0,0,-34,7
-72,0,0,0,0,0,0,-30,7
-77,0,0,0,0,0,0,-29,7
-73,0,0,0,0,0,0,-30,7
-74,0,0,0,0,-90,0,-37,7
-82,0,0,0,0,0,0,-46,7
-62,0,0,0,0,-82,0,-45,7
-72,0,0,0,0,-90,0,-59,7
-76,0,0,0,0,-86,0,-52,7
-71,0,0,0,0,-86,0,-53,7
-72,0,0,0,0,0,0,-60,7
-89,0,0,0,0,0,0,-40,7
-81,0,0,0,0,-92,0,-41,7
-82,0,0,0,0,-88,0,-40,7
-82,0,0,0,0,-88,0,-39,7
-91,0,0,0,0,-91,0,-41,7
-86,0,0,0,0,-89,0,-43,7
0,0,0,0,0,-92,0,-39,7
-75,0,0,0,0,-92,0,-46,7
-93,0,0,0,0,-92,0,-37,7
-82,0,0,0,0,-93,0,-46,7
-84,0,0,0,0,0,0,-45,7
-81,0,0,0,0,-87,0,-54,7
-83,0,0,0,0,-93,0,-49,7
-87,0,0,0,0,0,0,-52,7
0,0,0,0,0,-92,0,-45,7
-73,0,0,0,0,-90,0,-47,7
-78,0,0,0,0,-91,0,-38,7
-76,0,0,0,0,-93,0,-39,7
-79,0,0,0,0,-92,0,-51,7
-78,0,0,0,0,0,0,-42,7
-84,0,0,0,0,0,0,-46,7
-90,0,0,0,0,-92,0,-47,7
-78,0,0,0,0,-93,0,-46,7
-81,0,0,0,0,0,0,-53,7
-82,0,0,0,0,-92,0,-49,7
-85,0,0,0,0,0,0,-51,7
-80,0,0,0,0,0,0,-50,7
-83,0,0,0,0,0,0,-47,7
-81,0,0,0,0,0,0,-50,7
-78,0,0,0,0,0,0,-47,7
-82,0,0,0,0,0,0,-50,7
-87,0,0,0,0,0,0,-53,7
-84,0,0,0,0,0,0,-53,7
-82,0,0,0,0,0,0,-50,7
-87,0,0,0,0,0,0,-52,7
-84,0,0,0,0,0,0,-51,7
-80,0,0,0,0,0,0,-58,7
-82,0,0,0,0,0,0,-52,7
-80,0,0,0,0,0,0,-42,7
-77,0,0,0,0,0,0,-37,7
-82,0,0,0,0,0,0,-45,7
-91,0,0,0,0,0,0,-47,7
-83,0,0,0,0,0,0,-44,7
-86,0,0,0,0,0,0,-45,7
-85,0,0,0,0,0,0,-44,7
-84,0,0,0,0,0,0,-44,7
-81,0,0,0,0,0,0,-46,7
-86,0,0,0,0,0,0,-46,7
-88,0,0,0,0,-93,0,-41,7
-85,0,0,0,0,0,0,-47,7
-87,0,0,0,0,0,0,-43,7
-81,0,0,0,0,-94,0,-38,7
-85,0,0,0,0,0,0,-39,7
-82,0,0,0,0,0,0,-40,7
-89,0,0,0,0,0,0,-42,7
-82,0,0,0,0,0,0,-46,7
-83,0,0,0,0,0,0,-40,7
-81,0,0,0,0,-94,0,-39,7
-81,0,0,0,0,0,0,-40,7
-81,0,0,0,0,-92,0,-37,7
-83,0,0,0,0,-91,0,-42,7
-86,0,0,0,0,-92,0,-43,7
-83,0,0,0,0,0,0,-41,7
-81,0,0,0,0,0,0,-52,7
-74,0,0,0,0,0,0,-43,7
-81,0,0,0,0,0,0,-49,7
-88,0,0,0,0,0,0,-51,7
-85,0,0,0,0,-94,0,-46,7
-83,0,0,0,0,0,0,-50,7
-83,0,0,0,0,0,0,-43,7
-82,0,0,0,0,-93,0,-44,7
-78,0,0,0,0,0,0,-52,7
-79,0,0,0,0,-91,0,-51,7
-84,0,0,0,0,0,0,-50,7
-82,0,0,0,0,0,0,-47,7
-78,0,0,0,0,-91,0,-43,7
-83,0,0,0,0,0,0,-38,7
-86,0,0,0,0,-88,0,-40,7
-86,0,0,0,0,-91,0,-39,7
-82,0,0,0,0,0,0,-41,7
-73,0,0,0,0,-92,0,-40,7
-80,0,0,0,0,-95,0,-42,7
-92,0,0,0,0,0,0,-39,7
-84,0,0,0,0,0,0,-44,7
-87,0,0,0,0,-93,0,-50,7
-82,0,0,0,0,-89,0,-42,7
-82,0,0,0,0,0,0,-45,7
-81,0,0,0,0,-92,0,-39,7
-78,0,0,0,0,-87,0,-40,7
-80,0,0,0,0,0,0,-43,7
-81,0,0,0,0,-91,0,-40,7
-81,0,0,-90,-89,-88,0,0,2
-87,0,0,-87,-92,-95,0,0,2
-91,0,0,-89,-94,-92,0,0,2
-91,0,0,-91,-89,-91,0,0,2
-91,0,0,-89,-92,-90,0,0,2
-89,0,0,-85,-89,-93,0,0,2
0,0,0,-91,-96,-93,0,0,2
-91,0,0,-90,-93,-92,0,0,2
-91,0,0,-88,-90,-87,0,0,2
-93,0,0,-86,-92,-93,0,0,2
-88,0,0,-91,-93,-90,0,0,2
-89,0,0,-88,-91,-89,0,0,2
-89,0,0,-87,0,-91,0,0,2
-90,0,0,-89,-93,-93,0,0,2
-88,0,0,-89,-92,-91,0,0,2
-90,0,0,-85,-90,-89,0,0,2
0,0,0,-84,-92,-93,0,0,2
-90,0,0,-83,-90,-90,0,0,2
-90,0,0,-90,-93,-91,0,0,2
-88,0,0,-89,-94,-91,0,0,2
-91,0,0,-88,-94,-92,0,0,2
-90,0,0,-88,-92,-89,0,0,2
-89,0,0,-88,-92,-90,0,0,2
-90,0,0,-89,-92,-88,0,0,2
-88,0,0,-87,-89,-93,0,0,2
-91,0,0,-88,-92,-91,0,0,2
-94,0,0,-89,-92,-92,0,0,2
-85,0,0,-88,-87,-88,0,0,2
-92,0,0,-89,-85,-91,0,0,2
-87,0,0,-85,-92,-86,0,0,2
-92,0,0,-91,-86,-93,0,0,2
-82,-93,0,-86,-82,-89,0,0,2
-83,-92,0,-82,0,-83,0,0,2
-87,0,0,-85,-86,-85,0,0,2
-87,-92,0,-83,-93,-88,0,0,2
-92,0,0,-82,-88,-86,0,0,2
-90,0,0,-81,-95,-89,0,0,2
0,0,0,-82,-89,0,0,0,2
-92,0,0,-82,-88,-87,0,0,2
-94,0,0,-83,-88,-87,0,0,2
-86,0,0,-83,-87,-83,0,0,2
-83,0,0,-82,-88,-85,0,0,2
-83,0,0,-87,-90,-86,0,0,2
-82,0,0,-79,-90,-82,0,0,2
-78,0,0,-90,-88,-86,0,0,2
0,0,0,0,0,0,0,0,2
-92,0,0,-81,-88,-84,0,0,2
-91,0,0,0,0,0,0,0,2
0,0,0,0,-88,0,0,0,2
-89,0,0,-92,-84,-91,0,0,2
-82,0,0,-89,-78,0,0,0,2
-79,0,0,-86,-79,0,0,0,2
-86,0,0,-87,-81,-93,0,0,2
-90,0,0,-84,-83,-85,0,0,2
-91,0,0,-87,-82,-88,0,0,2
-88,0,0,-85,-87,-88,0,0,2
-77,0,-87,-89,-87,-90,0,0,2
-73,0,0,-86,-82,-93,0,0,2
-87,0,0,-95,-85,-89,0,0,2
-81,0,0,-83,-88,-86,0,0,2
-87,0,0,-87,-88,-88,0,0,2
-88,0,0,0,-90,-93,0,0,2
-84,0,0,-86,-87,-89,0,0,2
0,0,0,-88,-80,-86,0,0,2
-89,0,0,-90,-85,-85,0,0,2
-85,0,0,-89,-91,-85,0,0,2
-84,0,0,0,-82,-88,0,0,2
-87,0,0,-87,-89,-90,0,0,2
-92,0,0,-90,-91,-87,0,0,2
-89,0,0,-87,-93,-84,0,0,2
0,0,0,-88,-90,-87,0,0,2
-91,0,0,-89,-87,-85,0,0,2
0,0,0,-89,-86,-88,0,0,2
-85,0,0,-88,-89,-84,0,0,2
-80,0,0,-88,-87,-85,0,0,2
-85,0,0,-86,-87,-87,0,0,2
0,0,0,-86,-92,-88,0,0,2
0,0,0,-88,-89,-84,0,0,2
0,0,0,-86,-85,-88,0,0,2
-90,0,0,-90,-79,-88,0,0,2
-85,0,0,-83,-83,-88,0,0,2
-84,0,0,-92,-90,-88,0,0,2
-88,0,0,-81,-87,-81,0,0,2
-86,0,0,-79,-89,-85,0,0,2
0,0,0,-88,-87,-88,0,0,2
-94,0,0,0,0,0,0,0,2
-85,0,0,-86,-78,-94,0,0,2
-79,0,0,-91,-83,-91,0,0,2
0,0,-93,-89,-85,-88,0,0,2
-89,0,0,-81,-85,-90,0,0,2
-84,0,-95,-84,-82,-84,0,0,2
-82,0,-81,-83,-83,0,0,0,2
-82,0,0,-86,-88,-83,0,0,2
-91,0,0,-83,-85,-81,0,0,2
-89,0,0,-91,-88,-86,0,0,2
0,0,0,-91,-89,-89,0,0,2
-91,0,0,-88,-83,-90,0,0,2
-83,0,-90,-90,-83,0,0,0,2
-89,0,0,-81,-84,-92,0,0,2
0,0,0,-85,-87,0,0,0,2
-88,0,0,-83,-87,-89,0,0,2
-83,0,0,-85,-84,-85,0,0,2
-83,0,0,-83,-81,-89,0,0,2
-84,0,0,-85,-83,-91,0,0,2
-85,0,0,-82,-89,-91,0,0,2
-84,0,0,-85,-91,-86,0,0,2
-87,0,0,-90,-87,0,0,0,2
-89,0,0,-84,-81,-91,0,0,2
-75,0,0,-82,-83,0,0,0,2
-80,0,0,-80,-85,-89,0,0,2
-81,0,0,-82,-87,-85,0,0,2
-82,0,0,-83,-85,-85,0,0,2
-78,0,0,-87,-86,-88,0,0,2
-81,0,0,-86,-84,-85,0,0,2
-79,0,-90,-84,-84,-87,0,0,2
-83,0,-90,-84,-89,-83,0,0,2
-82,-93,-93,-81,-84,-88,0,0,2
-75,0,0,-78,-84,-83,0,0,2
-81,0,-92,-83,-82,-88,0,0,2
-86,0,0,-93,-85,-90,0,0,2
-85,0,0,-77,-92,-92,0,0,2
-86,0,0,-83,0,-82,0,0,2
-91,0,0,-89,-92,-88,0,0,2
-82,0,0,-88,-87,-94,0,0,2
-90,0,-93,0,-83,-88,0,0,2
0,0,0,-90,-78,0,0,0,2
-81,0,0,0,-78,0,0,0,2
-81,0,-90,-84,-87,-88,0,0,2
-76,0,0,-77,-81,0,0,0,2
-80,0,0,-88,-92,-91,0,0,2
-87,0,0,-86,-91,-82,0,0,2
-82,0,0,0,0,0,0,0,2
-87,0,0,-88,-92,-83,0,0,2
0,0,0,0,0,-93,0,0,2
-89,0,0,0,0,0,0,0,2
-93,0,0,0,0,0,0,0,2
0,0,0,0,-79,-92,0,0,2
0,0,0,0,-84,0,0,0,2
-91,0,0,0,0,0,0,0,2
-91,0,0,0,0,0,0,0,2
0,0,0,-94,-90,-91,0,0,2
-92,0,-95,-87,-78,0,0,0,2
-83,0,0,-86,-81,-87,0,0,2
-82,0,-88,-82,-81,-90,0,0,2
-88,0,0,-90,-81,-90,0,0,2
-84,0,-90,-93,-84,-86,0,0,2
-88,0,-90,-92,-84,0,0,0,2
-87,0,-89,0,-81,-89,0,0,2
-89,0,-89,-91,-79,-90,0,0,2
-89,0,-90,-84,-88,0,0,0,2
-91,0,-90,-87,-80,-89,0,0,2
-83,0,-89,-82,-81,-88,0,0,2
-84,0,-92,-79,-82,-90,0,0,2
-87,0,0,-82,-80,0,0,0,2
-83,0,0,-86,-81,-85,0,0,2
-84,0,0,-82,-76,-85,0,0,2
-86,0,0,-85,-84,-86,0,0,2
-83,0,0,-84,-90,-87,0,0,2
-85,0,0,-84,-87,-89,0,0,2
-87,0,0,-87,-88,-84,0,0,2
0,0,0,-85,-88,-92,0,0,2
-84,0,0,-84,-87,-93,0,0,2
-90,0,0,-93,-88,-90,0,0,2
-88,0,-93,-84,-84,-90,0,0,2
-79,0,-94,-89,-78,-86,0,0,2
-75,0,0,-92,-77,-92,0,0,2
-77,0,0,-87,-80,0,0,0,2
0,0,0,0,0,0,0,0,2
-75,0,0,-87,-81,-91,0,0,2
-79,0,0,-90,-81,-91,0,0,2
-77,0,-90,-94,-78,0,0,0,2
-76,0,-95,-93,-77,-93,0,0,2
-77,0,0,0,-77,-92,0,0,2
-82,0,-92,0,-81,-90,0,0,2
-80,0,0,-91,-82,0,0,0,2
-77,0,-93,-94,-82,-92,0,0,2
-81,0,0,-92,-82,-91,0,0,2
-77,0,0,-90,-80,-92,0,0,2
-78,0,0,0,-79,-90,0,0,2
-79,0,0,-86,-80,-92,0,0,2
-83,0,0,-88,-78,-92,0,0,2
-78,0,-96,-87,-78,-90,0,0,2
0,0,0,0,-81,-92,0,0,2
-78,0,0,-87,-80,-91,0,0,2
-76,0,0,-86,-79,-91,0,0,2
-78,0,0,-88,-80,-93,0,0,2
0,0,0,-90,-79,-93,0,0,2
-78,0,0,-86,-79,-94,0,0,2
-78,0,0,-87,-78,-90,0,0,2
-78,0,0,-85,-80,-90,0,0,2
-76,0,0,0,-79,0,0,0,2
-77,0,0,-87,-80,-92,0,0,2
-81,0,0,-89,-81,0,0,0,2
-94,0,0,-89,-80,-93,0,0,2
-90,0,0,-86,-87,-90,0,0,2
-92,0,0,-91,-90,-84,0,0,2
-92,0,0,-79,-87,-83,0,0,2
-88,0,0,-81,-89,-85,0,0,2
-89,0,0,-94,-88,0,0,0,2
-87,0,0,-81,0,-86,0,0,2
-80,0,0,0,0,0,0,-83,4
-70,0,0,0,0,0,0,-65,4
-78,0,0,0,0,0,0,-60,4
0,0,0,0,0,0,0,-63,4
-82,0,0,0,0,0,0,-68,4
-73,0,0,0,0,0,0,0,4
-70,0,0,0,0,0,0,-73,4
-71,0,0,-93,0,-90,0,-65,4
-82,0,0,0,0,-86,0,-66,4
-70,0,0,0,0,0,0,-68,4
-80,0,0,0,0,0,0,0,4
-77,0,0,0,0,0,0,-74,4
0,0,0,0,0,0,0,-71,4
-74,0,0,0,0,0,0,-73,4
-74,0,0,0,0,0,0,-79,4
-75,0,0,0,0,0,0,0,4
-76,0,0,0,0,0,0,0,4
-74,0,0,0,0,-90,0,-71,4
-83,0,0,0,0,-89,0,-72,4
-76,0,0,0,0,0,0,-68,4
-71,0,0,0,0,0,0,-69,4
-65,0,0,0,0,-90,0,-74,4
-65,0,0,0,0,0,0,-73,4
-64,0,0,0,0,-88,0,-79,4
-66,0,0,0,0,0,0,-74,4
-64,0,0,0,0,0,0,0,4
-67,0,0,0,0,0,0,0,4
-63,0,0,0,0,0,0,-83,4
-70,0,0,0,0,0,0,-68,4
-72,0,0,0,0,0,0,-68,4
-84,0,0,0,0,0,0,-76,4
-83,0,0,0,0,0,0,-70,4
-71,0,0,0,0,0,0,-72,4
-79,0,0,0,0,-94,0,-72,4
-76,0,0,0,0,0,0,-77,4
-86,0,0,0,0,0,0,-86,4
-83,0,0,0,0,0,0,0,4
-78,0,0,0,0,0,0,-74,4
-62,0,0,-92,0,-92,0,-73,4
-66,0,0,0,0,-86,0,-60,4
-80,0,0,-93,0,-86,0,-69,4
-63,0,0,-90,0,-74,0,0,4
-71,0,0,0,0,0,0,-69,4
-72,0,0,0,0,0,0,-74,4
-67,0,0,0,0,0,0,-80,4
-74,0,0,0,0,0,0,-77,4
-69,0,0,0,0,-82,0,-73,4
-64,0,0,0,0,-90,0,-70,4
-80,0,0,0,0,-91,0,-64,4
-76,0,0,0,0,0,0,-68,4
0,0,0,0,0,0,0,-68,4
-71,0,0,0,0,-89,0,-84,4
-71,0,0,0,0,-84,0,-82,4
-67,0,0,0,0,-85,0,-77,4
-70,0,0,-93,0,-86,0,-76,4
-69,0,0,-92,0,-75,0,-82,4
-65,0,0,-95,0,-80,0,-78,4
-65,0,0,0,0,0,0,-75,4
-60,0,0,-93,0,-86,0,-74,4
-58,0,0,0,0,-80,0,-61,4
-71,0,0,0,0,-85,0,-76,4
-67,0,0,0,0,-84,0,-72,4
-69,0,0,0,0,0,0,-64,4
-77,0,0,0,0,-91,0,-62,4
-78,0,0,0,0,-87,0,-65,4
-85,0,0,0,0,0,0,-82,4
-78,0,0,0,0,0,0,-70,4
-66,0,0,-93,0,0,0,-77,4
-75,0,0,0,0,0,0,-72,4
-73,0,0,0,0,-90,0,-77,4
-79,0,0,0,0,-87,0,-72,4
-72,0,0,0,0,-86,0,-68,4
-73,0,0,0,0,-88,0,-77,4
-69,0,0,0,0,0,0,-76,4
-71,0,0,0,0,0,0,-73,4
-71,0,0,0,0,0,0,-67,4
-74,0,0,0,0,-92,0,-85,4
-70,0,0,0,0,-92,0,-68,4
-68,0,0,0,0,0,0,-69,4
-73,0,0,0,0,-93,0,-70,4
-74,0,0,0,0,-89,0,-71,4
0,0,0,0,0,-91,0,-75,4
-75,0,0,0,0,0,0,-75,4
-68,0,0,0,0,0,0,-67,4
-71,0,0,0,0,0,0,-66,4
-79,0,0,0,0,-92,0,-69,4
-72,0,0,0,0,0,0,-74,4
-71,0,0,0,0,-91,0,-79,4
-74,0,0,0,0,0,0,0,4
0,0,0,0,0,0,0,-68,4
-86,0,0,0,0,0,0,-75,4
-74,0,0,0,0,0,0,-79,4
0,0,0,0,0,0,0,-71,4
-75,0,0,0,0,0,0,-84,4
-65,0,0,0,0,0,0,-69,4
-67,0,0,0,0,-88,0,-68,4
-67,0,0,0,0,0,0,-75,4
-71,0,0,0,0,0,0,-66,4
-86,0,0,0,0,0,0,-68,4
-77,0,0,0,0,0,0,0,4
-71,0,0,0,0,0,0,-80,4
-70,0,0,0,0,0,0,-85,4
-71,0,0,0,0,0,0,-72,4
0,0,0,0,0,0,0,-75,4
-78,0,0,0,0,0,0,-70,4
-78,0,0,0,0,0,0,-77,4
-74,0,0,0,0,-92,0,-70,4
-78,0,0,0,0,0,0,-75,4
-74,0,0,0,0,0,0,-71,4
-82,0,0,0,0,0,0,-72,4
-77,0,0,0,0,0,0,-78,4
-72,0,0,0,0,0,0,-77,4
-73,0,0,0,0,-89,0,-70,4
-71,0,0,0,0,-94,0,-69,4
-68,0,0,0,0,0,0,-68,4
-80,0,0,0,0,0,0,-72,4
-83,0,0,0,0,0,0,0,4
-76,0,0,0,0,0,0,-73,4
-77,0,0,0,0,-90,0,-70,4
-77,0,0,0,0,0,0,-86,4
-79,0,0,0,0,0,0,-81,4
-78,0,0,0,0,-87,0,-59,4
-73,0,0,0,0,0,0,-63,4
-83,0,0,0,0,0,0,0,4
-84,0,0,0,0,0,0,-83,4
-82,0,0,0,0,0,0,-74,4
-81,0,0,0,0,0,0,-76,4
-64,0,0,0,0,0,0,-73,4
-56,0,0,-93,0,-81,0,-72,4
-63,0,0,-90,0,-73,0,-78,4
-76,0,0,0,0,0,0,-68,4
-71,0,0,0,0,-90,0,0,4
-79,0,0,0,0,0,0,-76,4
-69,0,0,0,0,-93,0,-76,4
-64,0,0,0,0,-91,0,-80,4
-64,0,0,0,0,0,0,-73,4
-64,0,0,0,0,-88,0,-67,4
-66,0,0,0,0,0,0,-82,4
-64,0,0,0,0,0,0,-76,4
-66,0,0,0,0,0,0,-71,4
-66,0,0,0,0,0,0,0,4
-75,0,0,0,0,0,0,-69,4
-77,0,0,0,0,0,0,-68,4
-68,0,0,0,0,0,0,-69,4
-66,0,0,0,0,-90,0,-70,4
-71,0,0,-92,0,-87,0,-71,4
-76,0,0,-92,0,-90,0,-71,4
-80,0,0,0,0,0,0,-77,4
-86,0,0,0,0,0,0,-73,4
-72,0,0,0,0,0,0,-69,4
0,0,0,0,0,0,0,-70,4
-75,0,0,0,0,0,0,-71,4
-77,0,0,0,0,0,0,-75,4
-76,0,0,0,0,-93,0,-88,4
-74,0,0,0,0,-89,0,-78,4
-66,0,0,0,0,0,0,-75,4
-71,0,0,0,0,-88,0,-66,4
-74,0,0,0,0,0,0,-75,4
-73,0,0,0,0,0,0,-68,4
-72,0,0,0,0,0,0,-69,4
-66,0,0,0,0,0,0,-68,4
-73,0,0,0,0,0,0,-72,4
0,0,0,0,0,0,0,-69,4
-80,0,0,0,0,0,0,-69,4
-82,0,0,0,0,0,0,-71,4
-80,0,0,0,0,0,0,-70,4
-89,0,0,0,0,0,0,-66,4
-80,0,0,0,0,-92,0,-70,4
-74,0,0,0,0,0,0,-68,4
-76,0,0,0,0,0,0,-78,4
-71,0,0,0,0,0,0,-64,4
-66,0,0,0,0,0,0,-67,4
-67,0,0,0,0,0,0,-72,4
-75,0,0,0,0,-92,0,-79,4
-80,0,0,0,0,0,0,-67,4
-79,0,0,0,0,0,0,-87,4
-78,0,0,0,0,0,0,-59,4
-76,0,0,0,0,0,0,-61,4
-80,0,0,0,0,0,0,-81,4
-76,0,0,0,0,0,0,-75,4
-87,0,0,0,0,0,0,-78,4
-86,0,0,0,0,0,0,-66,4
-80,0,0,0,0,0,0,-68,4
-82,0,0,0,0,0,0,-69,4
-78,0,0,0,0,0,0,-72,4
-86,0,0,0,0,0,0,-67,4
-82,0,0,0,0,0,0,-72,4
0,0,0,0,0,0,0,-73,4
-70,0,0,0,0,0,0,-67,4
-87,0,0,0,0,0,0,-69,4
-80,0,0,0,0,0,0,0,4
-79,0,0,0,0,0,0,-78,4
-77,0,0,0,0,0,0,-79,4
-83,0,0,0,0,0,0,-75,4
-69,0,0,0,0,0,0,-70,4
-69,0,0,0,0,-94,0,-73,4
-72,0,0,0,0,0,0,-71,4
-71,0,0,0,0,0,0,-73,4
-73,0,0,0,0,-89,0,-78,4
-77,0,0,0,0,0,0,0,4
-75,0,0,0,0,-87,-92,-60,5
-64,0,0,0,0,-91,0,-65,5
-59,0,0,0,0,-88,0,-70,5
-71,0,0,0,0,-89,0,-74,5
-67,0,0,0,0,-92,0,-68,5
-60,0,0,0,0,-78,-95,-77,5
-58,0,0,0,0,-82,0,-73,5
-66,0,0,0,0,-85,0,-62,5
-69,0,0,0,0,0,0,-59,5
-76,0,0,0,0,-83,-92,-66,5
-79,0,0,0,0,0,-82,-69,5
-76,0,0,0,0,-95,-86,-54,5
-75,0,0,0,0,-92,0,-52,5
-75,0,0,0,0,0,-91,-57,5
0,0,0,0,0,0,0,-70,5
-58,0,0,0,0,-87,0,-68,5
-84,0,0,0,0,-84,-93,-65,5
-74,0,0,0,0,-90,-91,-62,5
-77,0,0,0,0,0,-91,-57,5
-74,0,0,0,0,-91,-92,-61,5
0,0,0,0,0,-90,-94,0,5
-85,0,0,0,0,-91,-93,-64,5
-66,0,0,0,0,0,-92,-63,5
-63,0,0,0,0,-85,-93,-64,5
-67,0,0,0,0,-86,0,-56,5
-68,0,0,0,0,0,0,-73,5
-70,0,0,0,0,-90,-94,-62,5
-70,0,0,0,0,0,-89,-62,5
-73,0,0,0,0,-87,-90,-68,5
-68,0,0,0,0,-92,-90,-63,5
-72,0,0,0,0,-89,-90,-52,5
-69,0,0,0,0,-90,0,-53,5
-70,0,0,0,0,0,0,-54,5
-68,0,0,0,0,0,0,-63,5
-74,0,0,0,0,-93,-91,-59,5
-69,0,0,0,0,0,-92,-69,5
-75,0,0,0,0,-94,-92,-73,5
-78,0,0,0,0,0,-94,-71,5
0,0,0,0,0,-95,-93,-57,5
-88,0,0,0,0,0,-93,-59,5
-76,0,0,0,0,0,0,-66,5
-65,0,0,0,0,-90,-94,-66,5
-73,0,0,0,0,0,0,-63,5
-81,0,0,0,0,0,-94,-76,5
-76,0,0,0,0,-86,-90,-63,5
-79,0,0,0,0,0,0,-63,5
-75,0,0,0,0,0,-90,-63,5
-79,0,0,0,0,-85,-90,-61,5
0,0,0,0,0,-86,0,-58,5
-70,0,0,0,0,-88,-95,-59,5
-76,0,0,0,0,-86,-94,-68,5
-67,0,0,0,0,-89,-88,-73,5
-71,0,0,0,0,-91,-85,-66,5
-72,0,0,0,0,-93,-89,-59,5
-72,0,0,0,0,-85,-89,-63,5
-77,0,0,0,0,0,-90,-67,5
-73,0,0,0,0,0,-91,-63,5
-90,0,0,0,0,0,-90,-68,5
-84,0,0,0,0,-95,0,-68,5
-85,0,0,0,0,0,-87,-67,5
-74,0,0,0,0,0,-89,-62,5
-84,0,0,0,0,-90,-86,-66,5
-82,0,0,0,0,0,0,-73,5
-82,0,0,0,0,-88,-84,-71,5
-83,0,0,0,0,-92,-87,-68,5
-75,0,0,0,0,-86,-91,-65,5
-73,0,0,0,0,-89,-91,-64,5
-74,0,0,0,0,-91,-89,-75,5
-73,0,0,0,0,-87,-87,-67,5
-75,0,0,0,0,-89,-89,-65,5
-67,0,0,0,0,-92,-91,-65,5
-74,0,0,0,0,-85,-93,-67,5
-75,0,0,0,0,-87,-90,-59,5
-69,0,0,0,0,-88,-94,-61,5
-76,0,0,0,0,-91,-90,-64,5
-83,0,0,0,0,-93,-90,-64,5
-77,0,0,0,0,-91,-94,-59,5
-70,0,0,0,0,-92,-85,-58,5
0,0,0,0,0,-91,-91,-63,5
-72,0,0,0,0,-92,-89,-65,5
0,0,0,0,0,-89,-90,-65,5
-75,0,0,0,0,-91,-91,-64,5
-67,0,0,0,0,-81,0,-68,5
-62,0,0,0,0,0,0,-76,5
-61,0,0,0,0,-86,-92,-68,5
-60,0,0,0,0,0,-93,-76,5
-67,0,0,0,0,-79,0,-71,5
-67,0,0,0,0,-82,-91,-79,5
-66,0,0,0,0,-89,-89,-66,5
-65,0,0,0,0,-87,-89,-72,5
-63,0,0,0,0,-76,-88,-66,5
-65,0,0,0,0,-82,-94,-72,5
-69,0,0,0,0,-88,-90,-68,5
-63,0,0,0,0,0,0,-79,5
-63,0,0,0,0,0,0,-73,5
-66,0,0,0,0,-83,0,-63,5
-73,0,0,0,0,0,-91,-74,5
-65,0,0,0,0,-83,0,-70,5
-66,0,0,0,0,-89,-89,-63,5
-73,0,0,0,0,-90,-88,-69,5
-71,0,0,0,0,-83,-91,-73,5
-72,0,0,0,0,-87,-88,-73,5
-68,0,0,0,0,-87,-93,-69,5
-80,0,0,0,0,-82,-95,-74,5
-63,0,0,0,0,-84,0,-68,5
-76,0,0,0,0,-86,-87,-71,5
-70,0,0,0,0,0,-90,-57,5
-80,0,0,0,0,0,-96,-63,5
-72,0,0,0,0,-92,0,-67,5
-77,0,0,0,0,-89,0,-71,5
-72,0,0,0,0,0,0,-72,5
-77,0,0,0,0,0,0,-54,5
-82,0,0,0,0,-93,-89,-64,5
-76,0,0,0,0,-92,-90,-62,5
-87,0,0,0,0,-88,-90,-63,5
-66,0,0,0,0,-89,-91,-67,5
-80,0,0,0,0,-84,-93,-70,5
-76,0,0,0,0,-85,-91,-64,5
-84,0,0,0,0,-84,-86,-65,5
0,0,0,0,0,-90,-92,-73,5
-74,0,0,0,0,0,-89,-63,5
-75,0,0,0,0,-89,-91,0,5
-70,0,0,0,0,-91,-92,-74,5
-87,0,0,0,0,-86,-88,-66,5
-72,0,0,0,0,-86,-87,-63,5
-75,0,0,0,0,-91,-93,-60,5
-67,0,0,0,0,-85,0,-68,5
-72,0,0,0,0,0,0,-56,5
-69,0,0,0,0,-86,-91,-56,5
-70,0,0,0,0,0,-93,-57,5
-79,0,0,0,0,0,0,-72,5
-75,0,0,0,0,0,-94,-58,5
-80,0,0,0,0,0,-93,-62,5
-77,0,0,0,0,-92,-91,-64,5
-79,0,0,0,0,0,0,-62,5
-73,0,0,0,0,0,-91,-62,5
-79,0,0,0,0,0,0,-58,5
0,0,0,0,0,-90,-94,-58,5
-76,0,0,0,0,0,0,-55,5
-84,0,0,0,0,0,-93,-59,5
-71,0,0,0,0,0,-93,-53,5
-74,0,0,0,0,0,0,-65,5
-76,0,0,0,0,-90,-92,-56,5
-74,0,0,0,0,-89,-91,-59,5
-73,0,0,0,0,-89,-91,-63,5
-70,0,0,0,0,0,0,-68,5
-77,0,0,0,0,0,-91,-61,5
-72,0,0,0,0,0,0,-71,5
-79,0,0,0,0,0,-92,-60,5
-82,0,0,0,0,-86,-88,-62,5
-81,0,0,0,0,-88,-90,-53,5
-79,0,0,0,0,0,0,-66,5
-72,0,0,0,0,-87,-93,-68,5
-75,0,0,0,0,-91,-90,-54,5
-76,0,0,0,0,0,-92,-68,5
-71,0,0,0,0,-84,-89,-65,5
-75,0,0,0,0,-92,0,-70,5
-72,0,0,0,0,-88,-89,-68,5
-78,0,0,0,0,-88,-96,-58,5
-71,0,0,0,0,-87,-90,-60,5
-72,0,0,0,0,-87,-91,-57,5
-77,0,0,0,0,-84,-90,-63,5
-77,0,0,0,0,-87,-92,-63,5
-70,0,0,0,0,-90,-91,0,5
-76,0,0,0,0,-84,-85,-74,5
-74,0,0,0,0,-89,-88,-68,5
-70,0,0,0,0,-87,-88,-72,5
-74,0,0,0,0,-88,-87,-71,5
-82,0,0,0,0,-91,-89,-70,5
-83,0,0,0,0,-88,0,-57,5
-79,0,0,0,0,-89,0,-59,5
-73,0,0,0,0,-93,-88,-58,5
-75,0,0,0,0,-89,-89,-52,5
-73,0,0,0,0,-87,-90,-64,5
-73,0,0,0,0,-89,-95,-61,5
-78,0,0,0,0,-90,-86,-68,5
-72,0,0,0,0,-87,-93,-57,5
-70,0,0,0,0,-89,-93,-70,5
-69,0,0,0,0,0,-92,-58,5
-75,0,0,0,0,-92,-94,-65,5
-72,0,0,0,0,-86,-88,-62,5
-76,0,0,0,0,-89,-91,-55,5
-71,0,0,0,0,-89,-93,-60,5
-69,0,0,0,0,-92,-95,-72,5
-73,0,0,0,0,0,0,-61,5
-75,0,0,0,0,-91,-93,-62,5
-67,0,0,0,0,-89,-94,-62,5
-81,0,0,0,0,-91,-93,-65,5
-76,0,0,0,0,-97,-88,-63,5
-74,0,0,0,0,-90,0,-62,5
-87,0,0,0,0,-85,0,-56,5
-70,0,0,0,0,0,0,-63,5
-84,0,0,0,0,0,0,-65,5
-71,0,0,0,0,0,0,-73,5
-79,0,0,0,0,-85,-91,-64,5
0,0,0,0,0,0,0,-67,5
-81,0,0,0,0,-85,-92,-63,5
-79,0,0,0,0,0,0,-59,5
-77,0,0,0,0,0,0,-68,5
-70,0,0,0,0,-87,-93,-60,5
-89,0,0,0,0,0,0,0,6
-69,0,0,0,-79,0,0,0,6
-69,0,0,0,-80,0,0,0,6
-66,0,0,0,-81,0,0,0,6
-82,0,-92,0,-87,0,0,0,6
-69,0,-93,0,-77,0,0,0,6
-57,0,0,0,-79,0,0,0,6
-70,0,0,0,0,0,0,0,6
-67,0,-93,0,-90,0,0,0,6
-65,0,0,0,0,0,0,0,6
-65,0,0,0,-89,0,0,0,6
-68,0,0,0,-92,0,0,0,6
-63,0,0,0,-83,0,0,0,6
-66,0,0,0,-86,0,0,0,6
-66,0,0,0,-85,0,0,0,6
-66,0,0,0,0,0,0,0,6
-66,0,0,0,-84,0,0,0,6
-64,0,0,0,-87,0,0,0,6
0,0,0,0,-84,0,0,0,6
-64,0,0,0,-87,0,0,0,6
-65,0,0,0,-84,0,0,0,6
-64,0,0,0,-84,0,0,0,6
-65,0,0,0,0,0,0,0,6
-64,0,0,0,-85,0,0,0,6
-70,0,0,0,0,0,0,0,6
-63,0,0,0,-85,0,0,0,6
-64,0,0,0,-85,0,0,0,6
-63,0,0,0,-87,0,0,0,6
-65,0,0,0,-86,0,0,0,6
-66,0,0,0,-86,0,0,0,6
-63,0,0,0,0,0,0,0,6
-63,0,0,0,0,0,0,0,6
-64,0,0,0,0,0,0,0,6
-62,0,0,0,0,0,0,0,6
-65,0,0,0,-87,0,0,0,6
-64,0,0,0,-88,0,0,0,6
-63,0,0,0,-89,0,0,0,6
-63,0,0,0,0,0,0,0,6
-63,0,0,0,0,0,0,0,6
-66,0,0,0,0,0,0,0,6
-62,0,0,0,-83,0,0,0,6
-79,0,0,0,-84,0,0,0,6
-63,0,0,0,-87,0,0,0,6
-63,0,0,0,0,0,0,0,6
-62,0,0,0,-85,0,0,0,6
-60,0,0,0,0,0,0,0,6
-59,0,0,0,-89,0,0,0,6
-60,0,0,0,0,0,0,0,6
-61,0,0,0,0,0,0,0,6
-63,0,0,0,0,0,0,0,6
-64,0,0,0,-87,0,0,0,6
-66,0,0,0,-82,0,0,0,6
-74,0,0,0,-78,0,0,0,6
-65,0,0,0,0,0,0,0,6
-60,0,0,0,-78,0,0,0,6
-72,0,0,0,-78,0,0,0,6
-75,0,0,0,0,0,0,0,6
-79,0,0,0,0,0,0,0,6
0,0,0,0,0,0,0,0,6
-78,0,0,0,-84,0,0,0,6
-82,0,0,0,0,0,0,0,6
-78,0,0,0,0,0,0,0,6
0,0,0,0,0,0,0,0,6
-75,0,0,0,0,0,0,0,6
-78,0,0,0,0,0,0,0,6
0,0,0,0,0,0,0,0,6
-78,0,0,0,-82,0,0,0,6
-75,0,0,0,0,0,0,0,6
0,0,0,0,0,0,0,0,6
-79,0,0,0,-83,0,0,0,6
-73,0,0,0,-80,0,0,0,6
-74,0,0,0,0,0,0,0,6
-71,0,0,0,0,0,0,0,6
-74,0,0,0,0,0,0,0,6
-71,0,0,0,-83,0,0,-92,6
-73,0,0,0,0,0,0,0,6
-76,0,0,0,-87,0,0,0,6
-88,0,0,0,0,0,0,0,6
-76,0,0,0,0,0,0,0,6
-69,0,0,0,0,0,0,0,6
-76,0,0,0,0,0,0,0,6
-70,0,0,0,-89,0,0,0,6
-68,0,-92,0,-79,0,0,0,6
-71,0,-90,0,0,0,0,0,6
-78,0,-90,0,-86,0,0,0,6
-73,0,0,0,0,0,0,0,6
-71,0,0,0,-84,0,0,0,6
-65,0,0,0,-82,0,0,0,6
-67,0,0,0,0,0,0,0,6
-66,0,0,0,0,0,0,0,6
-74,0,0,0,-80,0,0,0,6
-71,0,0,0,-91,0,0,0,6
0,0,-93,0,-84,-92,0,0,6
0,0,0,0,0,0,0,0,6
-66,0,0,0,0,0,0,0,6
-68,0,0,0,0,0,0,0,6
-64,0,0,0,0,0,0,0,6
-71,0,0,0,-83,0,0,0,6
-74,0,0,0,0,0,0,0,6
-68,0,0,0,-78,0,0,0,6
-69,0,0,0,-83,0,0,0,6
-78,0,0,0,0,0,0,0,6
-84,0,0,0,0,0,0,0,6
-67,0,0,0,-85,0,0,0,6
-83,0,0,0,0,0,0,0,6
-68,0,0,0,-83,0,0,0,6
-82,0,0,0,0,0,0,0,6
-76,0,0,0,0,0,0,0,6
0,0,0,0,-91,0,0,0,6
-85,0,0,0,0,0,0,0,6
-79,0,0,0,0,0,0,0,6
-65,0,0,0,0,0,0,0,6
-74,0,0,0,0,0,0,0,6
-69,0,0,0,-88,0,0,0,6
-68,0,0,0,0,0,0,0,6
-78,0,0,0,0,0,0,0,6
-70,0,0,0,0,0,0,0,6
-65,0,0,0,0,0,0,0,6
-63,0,0,0,0,0,0,0,6
-77,0,0,0,-85,0,0,0,6
-72,0,0,0,0,0,0,0,6
-82,0,0,0,-88,0,0,0,6
-85,0,0,0,0,0,0,0,6
0,0,0,0,0,0,0,0,6
-75,0,0,0,-88,0,0,0,6
-89,0,0,0,-92,0,0,0,6
-78,0,0,0,-89,0,0,0,6
-86,0,0,0,-87,0,0,0,6
-76,0,0,0,-87,0,0,0,6
-71,0,0,0,0,0,0,0,6
-70,0,0,0,0,0,0,0,6
-67,0,0,0,-86,0,0,0,6
-70,0,0,0,-86,0,0,0,6
-71,0,0,0,0,0,0,0,6
-82,0,0,0,-85,0,0,0,6
-67,0,0,0,-84,0,0,0,6
-66,0,0,0,-86,0,0,0,6
-63,0,0,0,0,0,0,0,6
-66,0,0,0,0,0,0,0,6
-64,0,0,0,0,0,0,0,6
-70,0,0,0,0,0,0,0,6
-68,0,0,0,-81,0,0,0,6
-71,0,0,0,0,0,0,0,6
0,0,0,0,-90,0,0,0,6
-69,0,0,0,0,0,0,0,6
-64,0,0,0,0,0,0,0,6
0,0,-96,0,-79,0,0,0,6
-66,0,0,0,-79,0,0,0,6
-65,0,0,0,-79,0,0,0,6
-72,0,0,0,-83,0,0,0,6
-66,0,0,0,-79,0,0,0,6
-88,0,0,0,-82,0,0,0,6
-73,0,0,0,-85,0,0,0,6
-78,0,0,0,0,0,0,0,6
-81,0,0,0,0,0,0,0,6
-79,0,0,0,0,0,0,0,6
-75,0,0,0,-83,0,0,0,6
-74,0,0,0,-85,0,0,0,6
-70,0,0,0,-81,0,0,0,6
-76,0,0,0,-78,0,0,0,6
-76,0,0,0,-83,0,0,0,6
-75,0,0,0,-82,0,0,0,6
-68,0,0,0,-83,0,0,0,6
-77,0,0,0,0,0,0,0,6
-68,0,-96,0,-81,0,0,0,6
0,0,0,0,0,0,0,0,6
-73,0,0,0,-90,0,0,0,6
0,0,0,0,-85,0,0,0,6
0,0,0,0,-85,0,0,0,6
-74,0,0,0,-84,0,0,0,6
-76,0,0,0,-85,0,0,0,6
-68,0,0,0,-83,0,0,0,6
-75,0,0,0,-85,0,0,0,6
-75,0,0,0,-87,0,0,0,6
-73,0,0,0,0,0,0,0,6
-77,0,0,0,-84,0,0,0,6
-77,0,0,0,-84,0,0,0,6
-83,0,0,0,0,0,0,0,6
-77,0,0,0,-89,0,0,0,6
-72,0,0,0,-84,0,0,0,6
-73,0,0,0,-86,0,0,0,6
-77,0,0,0,-85,0,0,0,6
-78,0,0,0,-85,0,0,0,6
-76,0,0,0,-85,0,0,0,6
-74,0,0,0,-85,0,0,0,6
0,0,0,0,-86,0,0,0,6
-78,0,0,0,-85,0,0,0,6
-73,0,0,0,-89,0,0,0,6
-75,0,0,0,-84,0,0,0,6
-71,0,0,0,-85,0,0,0,6
-72,0,-93,0,0,0,0,0,6
-72,0,0,0,-85,0,0,0,6
-67,0,0,0,-85,0,0,0,6
-70,0,0,0,-86,0,0,0,6
-75,0,0,0,-84,0,0,0,6
-79,0,0,0,0,0,0,0,6
-71,0,0,0,-85,0,0,0,6
-82,0,0,0,-84,0,0,0,6
-71,0,0,0,-85,0,0,0,6
-79,0,0,0,0,0,0,0,6
